US,15029793,RT2UL854WXRPQ,0375707166,714737202,A House for Mr. Biswas,Books,5,3,3,N,Y,"Brilliant.","My favorite novel.<br /><br />I am re-reading it because I nominated it for the book club I belong to.<br />I love the simultaneously funny and tragic wording and the heart breaking throw away moments that Naipaul slips into the narrative.<br />It is beautifully written.<br />Mr Biswas might have written it himself.<br /><br />The diaspora of ethnic South Asians to such places as the Caribbean and Africa is not much known so this is also an eye opener to another culture.",2015-08-06
US,47956106,R30B9WQODJ7OSI,0375707166,714737202,A House for Mr. Biswas,Books,1,2,4,N,Y,"Most readers like this novel from a Nobel prize winner","Most readers like this novel from a Nobel prize winner. I did not. I suffered through the first 100 pages, endured another 100, and vowed not to spend another moment with the feckless protagonist. Not every book is for every person.",2015-03-06
US,26591322,R3KY2O6BABVM6G,0375707166,714737202,A House for Mr. Biswas,Books,5,1,1,N,N,"One of my favorite books","I read this book so many years ago, yet whenever someone asks me to recommend a book, I immidiately think of this one. Funny and sad at the same time. Beautiful, sensitive book!",2015-02-11
US,37332533,RVPVKACTDR5K3,0375707166,714737202,A House for Mr. Biswas,Books,4,1,1,N,Y,"Found this to be a insightful book. Not only ...","Found this to be a insightful book. Not only of the adventures of one man's life but of the desires of all people for security and peace.",2015-01-13
US,1220973,R31JTQBLRLTY98,0375707166,714737202,A House for Mr. Biswas,Books,5,1,2,N,Y,"nice","Nice",2014-12-28
US,15758834,R301EOUQV3PZHI,0375707166,714737202,A House for Mr. Biswas,Books,2,1,4,N,Y,"Two Stars","Too tedious a read. Did not finish it...So dreary.",2014-12-04
US,1776005,R11DKW68RQ4UXP,0375707166,714737202,A House for Mr. Biswas,Books,4,1,2,N,N,"Amazing Scenes","With \\""Transparent Things\\"", the best nihilist comedy ever, a long, lovely, sad, frustrating look at defiant failure Mohun Biswas.  Full of 'amazing scenes' and family strife.",2014-11-18
US,11191604,R26Q1A9A4HN8R,0375707166,714737202,A House for Mr. Biswas,Books,5,3,3,N,N,"A Post-colonial Masterpiece","A masterpiece of imaginative literature, V.S. Naipaul's A House for Mr. Biswas provides a reader with a wonderfully realized Indian immigrant world set in Trinidad, where Naipaul grew up. Cultural mores brought over from the home country continue to influence the characters but are also under pressure from new influences not just from the natives of the island but also the colonial British and, eventually, the Americans who come to Trinidad as part of the World War II war effort.<br /><br />The novel tells the life story of Mr. Biswas (he's called that even as a child by the narrator), though his last years and death are given early on so there is no suspense about whether he will be a success or live a long life. In a way, it's like how Orson Welles approached the life of Charles Foster Kane in Citizen Kane, which begins with a synopsis of Kane's life and death before starting his life story.<br /><br />Mr. Biswas, son of a poor family who marries almost accidentally into the somewhat prosperous Tulsi clan, spends most of his life trying to make it on his own (the house of the title is the pre-eminent symbol of this ambition). This is all retailed in a wonderfully distinctive prose style that is comic, colorful and eloquent. I especially enjoyed the many descriptions of life in the Tulsi household, a madhouse of kids, wives and distant relative hangers-on with its own rigid social structure that somehow works.<br /><br />Naipaul was one of the first non-white writers from the British colonial empire to find international success writing in English and this was the book that put him on the map. Later, it has become a staple on lists of the best English language novels of the 20th century. It's easy to see why.",2014-11-03
US,16237903,R5JLE3MDMGUKW,0375707166,714737202,A House for Mr. Biswas,Books,4,1,1,N,N,"Naipaul magnificently represents the uprooted identity of the postcolonial subject ...","Naipaul magnificently represents the uprooted identity of the postcolonial subject in this novel. A must-read for those interested in postcolonial fiction.",2014-09-08
US,42960893,R15PTYVYOWTWEE,0375707166,714737202,A House for Mr. Biswas,Books,5,0,1,N,N,"Five Stars","Found everything I needed in the book!",2014-07-08
US,30768264,R39S2WMWO3NLI8,0375707166,714737202,A House for Mr. Biswas,Books,5,1,2,N,Y,"There is a reason for all of Naipaul's recognition","This novel is beautifully written and entrancing as an entry into a world unknown to most Western readers.  The characters are insightfully drawn and this really is a work of art.",2014-02-02
US,31609358,RBJ5H85BU58JJ,0375707166,714737202,A House for Mr. Biswas,Books,5,1,2,N,Y,"A book for the ages","Excellent writing, perfect characterizations, Naipaul brings a very exotic community (Indian expatriates living on the Caribbean island of Trinidad) to life by tracing the life and aspirations of one member of it.  I believe Mr. Biswas is based, at least loosely, on the author's own father.  If so then a finer tribute, or better written one, could not be done.  Excellent from beginning to end.  This should enter the Great Books canon in my opinion.",2014-02-02
US,10301327,RHCENV61FRQUH,0375707166,714737202,A House for Mr. Biswas,Books,3,0,6,N,Y,"Required Summer Reading for my High Schooler","We ordered his own copy, price is right, that way we did not have to worry with all the other students taking it out from the library and us not getting a copy to read.  When the list comes out, I immediately check on Amazon for the best price!!!  Then we actually donate the book back to the school after our children have gone through them...",2014-01-07
US,14383766,R19QW1TCIP4WK,0375707166,714737202,A House for Mr. Biswas,Books,5,0,1,N,N,"Mohun Biswas","This book of Naipaul is beyond any book I have read.His minute description of people is amazing.I wonder if Mohun Biswas is Naipauls father and Anand  is Vidhyadhar Naipaul in making. Can someone let me know?",2013-12-05
US,23743705,R3DHO8EFQRE5VV,0375707166,714737202,A House for Mr. Biswas,Books,1,0,2,N,N,"Thin Year for the Nobel Prize?","I battled through this book because I enjoyed Guerillas and A Bend in the River.<br /><br />This book is long, dull, repetitive, rarely funny. The protagonist is unlikeable.<br /><br />I kept waiting for a moment of enlightenment, where I would suddenly think 'That's why it won the Nobel Prize!'. It never came.",2013-07-22
US,24066838,RPKB8NPITDETZ,0375707166,714737202,A House for Mr. Biswas,Books,3,5,6,N,N,"A novel too long given its tedious plot","I first heard about V.S. Naipaul in my Indian history class. I don't remember the specific book that my professor recommended, but I remember him saying that V.S. Naipaul was Trinidadian. Immediately, I went researching. I never heard of Naipaul, somehow, though I was born in Trinidad myself (Chagaunas Trinidad too, same place Naipaul was born in) and immigrated to America in the mid 1990s. Immediately, I discovered that \\""V.S. Naipaul\\"" is an acclaimed writer - a Nobel Laureate. His best work, I heard many people say, is \\""House for Mr. Biswas\\"" (1961), so I started with this one with high expectations.<br /><br />Naipaul's biggest strength is his prose. The sentences are very concise, evocative, and fluid. I appreciated getting such a colorful picture of post-colonial Trinidad, my native country. Reading it, I could visualize the run-down houses, the Indo and Afro conflicts, and the sugarcane plantations. I never got to see this Trinidad, being born about two generations after, but I can imagine my grandparents living in this setting. Naipaul's writing is on par with Charles Dickens, Herman Melville, Jane Austen, and other legends. He's that good.<br /><br />Some of the references also made me nostalgic: \\""Hanuman House,\\"" \\""Milo,\\"" \\""Ovaltine,\\"" \\""Mayoro,\\"" and \\""Port of Spain\\"" are some words that I had not heard in a long time. I used to drink Milo and Ovaltine each morning before going to Chaguanas Government School as a child. It was almost surreal to see these words in an actual English novel.<br /><br />Now, that aside, the book didn't give me much else, unfortunately.<br /><br />The book is long, 564 pages in the Vintage International Edition, and I couldn't stand it. I have no problem with long books; I study English Literature. I've read works like Bleak House, Middlemarch, Pamela, and Moby Dick, which were all longer than this one. The problem is that this book couldn't maintain my interest enough to keep me chugging along enthusiastically until the very end (Ultimately, I did manage to finish by forcing myself to keep going).<br /><br />The pace is slow. There is no conflict. There is no drama. There is no suspense.  The plot is, in condensed form, the story of a man (a \\""loser\\"") who experiences a variety of disappointments until buying a house and living a life of autonomy.  Given the theme (An average man's quest for independence), I'm sure Naipaul intended for the plot to be tedious. After all, Mr. Biswas isn't some macho warrior or some grandiose emperor; nothing exciting happens to the guy, and the plot reflects this.<br /><br />Still, as a writer Naipaul should have known to make the book shorter. You can't have slow moving plot and a long novel. It doesn't mix; you're asking too much of your reader. By the time I got to page 364, I was ready for this book to wrap itself up, but I still had 200 more pages to plow through.<br /><br />Please know what you're getting into if you decide to read this book. This is not a fun book to read. If you want a more enjoyable experience, try skimming the descriptions of Mr. Biswas' in-laws, the Tulis. Naipaul spends an awful lot of time describing them, when I feel it could have been cut into a few words or even eliminated entirely.",2013-05-30
US,52066138,R3I9V23QVJZKBJ,0375707166,714737202,A House for Mr. Biswas,Books,2,0,3,N,Y,"Biswas","Sorry, I just did not understand the culture. Could not relate to it. Two others in the book club did like having read it.",2013-03-18
US,22425315,R1NE3HKF3DT1HO,0375707166,714737202,A House for Mr. Biswas,Books,4,0,2,N,Y,"Novel lovers go for it","The book was received in quick turnaround, thanks guys!!! The book was one of the best reads, hats off to Naipul for such prose",2012-03-25
US,51888319,R3DFDWM610RQFX,0375707166,714737202,A House for Mr. Biswas,Books,4,6,7,N,Y,"Moderately Entertaining","A House For Mr. Biswas is largely a fictionalized biography of the author's father, an ethnic Indian who was born and lived his life in Trinidad in the early decades of the 20th century.  Born into a roughly middle class family and a highly structured and ritualized Hindu lifestyle, Mr. Biswas (and this is how he is referred to, even as a newborn) unwittingly marries into a large, relatively prosperous, multi-generational Indian family (The Tulsis).  These in-laws provide insurance against his frequent failures; however never fail to rankle him with their condescension and sarcasm as he attempts \\""to paddle his own boat.\\""  Virtually the entire book chronicles his struggle to escape the Tulsi orbit, symbolized by his yearning for and pursuit of his own dwelling.<br /><br />The novel is instructive in its depiction of life on the Caribbean island during the period surrounding the two World Wars of the early twentieth century.  The interaction between the ethnic Indians, the natives of the island and the mixed race inhabitants is also of some interest.  All in all, however, the story fails to capture the reader's interest and becomes little more than a recitation of chronological events, many of whom seem to repeat themselves ad infinitum.<br /><br />While the title character's struggles are sometimes inspiring (but almost universally unsuccessful), it is difficult to become emotionally invested in his endeavors for the simple reason that he is not an exceptionally pleasant or \\""good\\"" person.  In fact, he is a miserable human being; an awful husband, a terrible father, an ungrateful, whining, complaining, lazy, two faced, hypocritical liar and spendthrift.  His many failures are almost pre-destined and fail to engender any kind of sympathy (except for his long suffering wife and children, who were it not for Mr. Biswas's in-laws would have likely starved to death).<br /><br />The story is not without its interesting vignettes, but they are far fewer than one would hope for in a novel of this repute.",2012-02-01
US,19672125,R2PTEI1QU8B77K,0375707166,714737202,A House for Mr. Biswas,Books,5,0,0,N,Y,"book","V S Naipaul at his acerbic and acclaimed best. This book is one that brought him early accolades and rings true even today. A wonderful journey.",2011-11-21
US,49077480,R3IP3YG39I2OYK,0375707166,714737202,A House for Mr. Biswas,Books,5,2,2,N,N,"Unsuccessful Jobs, Unhappy Marriage, Unsatisfying Relationships","Mr. Biswas (and that is his name, even when he is a little boy) is cursed from birth. The fortuneteller when he is born predicts a terrible life for him and every prediction comes true. Mr. Biswas inadvertently causes the death of his father. He has great difficulty finding a way to make a living and he struggles, moving from unsuccessful job to unsuccessful job. Mr. Biswas is tricked into an unhappy marriage. He has great problems connecting with his in-laws, his siblings, his mother, his wife, his neighbors, and even his children. Throughout all his life, his one dream is to obtain a house of his own and this dream proves to be the most elusive of all. The story of a man with unsuccessful jobs, an unhappy marriage, and unsatisfying relationships is compelling without being either saccharine or cynical, a brilliant tale from a master storyteller.",2011-09-10
US,52999638,R2DQUZ1B0OU90A,0676975623,714737202,A House for Mr. Biswas,Books,3,4,6,N,Y,"All before being said.....","Basically a third person journal, very well written, with incredible prose, of the life of a \\""regular\\"" man in 40's Trinidad.  But the book becomes tedious as we hear the everyday, every month, every year progression of a unlikeable man with a family of few redeeming qualities.  He is rarely happy with himself, his wife, his family and the list goes on and on.  An individual if you had a conversation with would only complain in a self involved way and would disrespect you when your back was turned.  When Mohun does get his house, I had no revelation or cared.  I would have given it two stars but the writing made it three.",2010-04-21
US,40051756,R1DBIL8E6CN8N3,0676975623,714737202,A House for Mr. Biswas,Books,4,1,1,N,N,"Home is Where Your Heart is (Assuming You Have One)","I was heading down to the Caribbean recently and I thought \\""A House for Mr. Biswas\\"" would be just the book to take along.  As I worked my way through the book, I found a lot of interesting aspects to the story.  However, I also became more and more disappointed in the title character.  This guy was a self-centered individual who seemed to ignore his family except on rare ocassions.  Things don't go well for him but hard times can often bring people closer together.  Not in this case.  After I finished the book, I scanned through the author's preface.  (I almost never read any pages in a book that are numbered with Roman numerals).  I found out a couple of helpful things.  One was that this was V.S. Naipaul's most autobiographical book and the other was that this was his most humorous novel.  I looked back at what I read and I could see some humor although a lot of it would have to be considered \\""black humor\\"".  More importantly was my understanding (from recent articles that I read) that the author is something of a diappointment as a human being; kind of a lot like Mr. Biswas.      I learned a long time ago not to expect that every great person has to be a great person.  Many brilliant individuals (and that certainly describes V.S. Naipaul) are not necessarily likeable.  So be it.  I liked \\""A House for Mr. Biswas\\"" but I didn't like Mr. Biswas.",2010-04-08
US,31808048,R1IUFW0CMY76IP,0375707166,714737202,A House for Mr. Biswas,Books,5,2,3,N,N,"A House for Mr. Biswas by V.S. Naipaul","Naipaul's most well-known novel is about Mohun Biswas, a permanently unsatisfied man with marginal writing talent who lives with his wife and children in Trinidad. He has a thankless existence; he constantly fights with his colorful set of in-laws, never really connects with his kids, doesn't seem to love his wife, and bounces from job to job. His main goal in life is to own a home of his own, away from everyone else in the world where he could be free and as miserable as he wants. The ending, bittersweet and just right, subtly explores modern man's futile pursuit of happiness and the encumbrances he faces in attaining it throughout life.    Naipaul expertly balances Biswas' deeper, darker pursuits in life with a comedic, larger-than-life backdrop. The book is never laugh-out-loud funny, but derives its dry humor through the reader's pity of the character. Nuanced scenes follow one after another, each adding depth to the character's motivations and the novel's underlying themes. It may appear slow going at first, but makes more sense once you get attuned to the pace of the book. My only issue with the book is the style in which it is written. The tone throughout is very reserved, with little concern for rhythm or music, and it is difficult to get completely in-sync with it. Because of this I always felt at a distance from the story, just like poor Mr Biswas with everyone else in his life, so who knows if it was intentional. For me personally it is a book to respect more than to care more deeply about, but on its own it is a very distinguished piece of world lit.",2009-10-29
US,11842933,R1HVRKZA97RDXT,0375707166,714737202,A House for Mr. Biswas,Books,5,3,5,N,N,"Read a dozen times over 20 years","and I still find it fresh. Great book for showing well-fed USian teens how the other half lives. Grim, but ultimately a triumph for Mr. Biswas, with several spots of dark humor. Mr. Naipaul understands many kinds of people, as any good novelist should.",2009-09-26
US,38746720,R3W0UCDSVF88RJ,0375707166,714737202,A House for Mr. Biswas,Books,5,2,4,N,N,"Brilliant!","I first read this book in 1990 in my high school literature class and found it to be amazing. It is now on my all time favourite list of literary works!",2009-09-05
US,24573691,R246PSN9F9C1BJ,0375707166,714737202,A House for Mr. Biswas,Books,5,2,3,N,N,"A House of Cards","This book is about a man whose life changes due to one whimisical, irritational, and childish moment; a man whose dreams are scuppered by the relentless forces around him, inside him and invited by him. Biswas is a pathetic, cowardly, and weak man who rode on the life's stream of assault while building his perfect house in his head, a house made less of concrete and wood but more of unfulfilled potential, unrealised dreams and unmet needs for pure and romantic love. This book should be sad and Biswas should be despised, Naipul's language is harsh and blunt and direct and he takes no prisoners in his use of the English language. But that is not so. A House for Mr Biswas is a magical book filled with imagery, of a life, a culture, a people, and of a man who found that at the end of it all, he didn't have it too bad and he did the most difficult thing a person could do in times of distress and defeat, and that is to live a full life. He made an impact, but he died anyway in his own house. And that is not to be laughed at, Mr Biswas certainly would not have done.",2009-08-18
US,52620873,RGI31M6CPEEBZ,0375707166,714737202,A House for Mr. Biswas,Books,4,2,4,N,N,"I improved my vocabulary from reading Biswas","The book is tedious, boring, hilarious and thoroughly absorbing. I first came across the novel 30 years ago when I was a private English tutor and had to teach it to this secondary school student who was more interested in football and girls.<br /><br />I can't recall a single thing about the book now except the word \\""insuranburn\\"" (i.e. to insure and burn). Biswas was advised that an easy way to make money was to insure his house or shop, burn it and collect the insurance payout.<br /><br />I must check out the public library to get a copy of this book to re-read, and check whether my spelling of that word is correct.",2009-07-14
US,16879770,RF02DGSK9LLKH,0375707166,714737202,A House for Mr. Biswas,Books,5,3,4,N,Y,"Trapped, trapped, trapped!..","You cannot help being captivated by the prose of V.S Naipaul. While the phrasing is more ragged and stretched than the one found in his masterpiece,  [[ASIN:0679722025 A Bend in the River]], it's still state of they art. There is however much more to this book than excellent writing, it's also a beautiful story of the birth, life, dreams and death of a human being.<br /><br />The novel's main character, Mr Biswas, is skillfully used to lighten the short comings of the family oriented rural community where one is supposed to do what is expected of you and not necessarily what will be best for your own happiness. In this trapped life Biswas coins his life dream: his own piece of this earth, with his own house on it where he can live in accordance to his own values and be free.<br /><br />One cannot help feeling that this book is really about a modern westerner being dropped into a ancient culture he does not belong in, respects or understands. A truly powerful story that made me realize how fundamental the right to your own life, property and thoughts really are",2008-11-07
US,49939297,R34KA9OVFSL2PL,0375707166,714737202,A House for Mr. Biswas,Books,5,4,6,N,N,"Some Novels Define Their Place and Time","A House for Mr. Biswas is such a novel, a depiction of a whole culture, the melted-pottage immigrant world of the Caribbean, with Biswas a synecdoche of post-colonial peoples everywhere. Such novels need to be big, both in their time frame and in number of pages. Don't expect them to cater to your cultural values or desires for diversion.<br /><br />Mr Biswas, however, is very entertaining, one of the funniest novels I've ever read, and the last in which V.S. Naipaul allowed full freedom for his exuberant sense of humor and the picturesque. If you are too upright to find the poor and alienated a proper subject for satire, you might well find old Biswas more frustrating than touching. If so, I pity you. In this book and in his earlier Trinidadian novels, Naipaul wrote from the inside out, and it was chiefly himself than he was mocking. His later novels, great as some of them are, view their subjects from the outside, from Olympus as it were. Frankly, I think A House for Mr. Biswas is naipaul's greatest achievement.<br /><br />What other novels are there that expand almost to be congruent with their whole cultural setting? If I name some, you'll see how highly I value Biswas:<br /><br />Don Quixote, for Spain in its Golden Age<br />Simplicius Simplicissimus, for 17th C Germany<br />Tom Jones, for 18th C England<br />Dombey and Sons, for 19th C England<br />The Makioka Sisters, for pre-Americanization Japan<br />Buddenbrooks, for pre-WW1 Germany<br /><br />That's enough. You'll get the idea. Such novels capture more than events. They capture the tone. The language they are written in has to be the language of that time and that place. Can you imagine Don Quixote in the style of Anthony Trollope, or The Makioka Sisters in the style of Charlotte Bronte? Naipaul's language in Mr. Biswas is as natural to backstreet Trinidad as Dickens's droll exaggerations were to foggy London.",2008-09-19
US,39842924,RLECO800MHOUT,0375707166,714737202,A House for Mr. Biswas,Books,5,3,3,N,N,"Achingly good","I never understood why it says this is a `comic' masterpiece on the cover. It's true that A House for Mr Biswas is often funny and always biting, but as a novel this is tragic and grindingly dark stuff. Even the happy ending (given away at the beginning of the book; I'm not spoiling anything for you here), only is a happy end of sorts. Perhaps it is the inexhaustible undercurrent of cheerfulness amid the squalor that makes this so readable, and on the surface a `comic' work.    The novel describes the life of Mohun Biswas, the son of poor peasants of Indian descent in Trinidad, and his long trajectory from the sugarcane worker's hut to a still precarious position as dispatch writer for one of the capital's newspapers. Most of it is concerned with his struggle to escape from his very closed, self-obsessed community, still ridden with the caste prejudices and rituals of a Mother India its members have never seen, and from the tentacles of the Tulsi clan, a monster wringing dry the weak for the benefit of the leaders, into which he was tricked into marrying. Biswas wastes his life among the fields in various backwaters. He is swindled to ruin as a shopkeeper. He is threatened with knifing and arson. But mostly he can't be alone; he can't obtain the privacy, the minimum self-sufficiency without which there can be no dignity and for which the all-encompassing desire to own his own house comes to stand.    Probably largely autobiographical - Biswas appears loosely modelled on Naipaul's father - A House for Mr Biswas has the strength of novels written from experience. It is richly precise and vivid in its portrayal of places, of people and situations, and in recording the passage of time in the small island of Trinidad. It transports the reader to a doubly foreign, faraway world, to great effect. In fact, the strangeness adds to the disorientation one shares with Biswas, making the story even more realistic. And this block of a novel is ceaselessly imaginative and never boring. One piece of trivia: probably a coincidence, but the plot's outline for The Shipping News, Annie Proulx's prize-winning novel, is contained in a one-paragraph anecdote in the later pages of Naipaul's book.",2008-08-08
US,13284347,R2HQ6W17MOFFLP,0375707166,714737202,A House for Mr. Biswas,Books,4,4,4,N,N,"CLEANSING","Expect no great literary pyrotechnics here, no awesome writing style, no innovative and groundbreaking technique, and also no keen psychological insight into the minds of the characters. What you can expect is a good old fashioned narrative that firmly drives from birth to death the life of a Trinidad Indian man who's life is filled with fear and bad choices and a chaotic and truly overwhelming family. I had heard so long about this book, and its title had catched my eyes for years, when finally at the beginning of this summer I finally checked it out from the library and started reading it. It is not as great of book as I'd like it to be, as I enjoy reading, but still there is something that holds my fancy to it, and after finishing it, I find it cleansing in that everytime I think about Mr. Biswas' poor life, his poor choices,  THAT FAMILY that despite it all I have grown some attachment to, I am so thankful for my life and for the family I have. Yes, my father and mother are not perfect, where I grew up was a bit cramped with little privacy and so on and so on, but LORD that doesn't hold a light to Mr. Biswas home life!!! I was in the shower today and I couldn't help being so incredibly greatful for the family and home I was born into! So this book, like all really great literature, has revealed something in my own life, about my own reality and place in the world and has made me feel blessed and for that I am really thankful.",2008-07-08
US,50826255,R2VZDH36GM0G8Z,0375707166,714737202,A House for Mr. Biswas,Books,5,1,2,N,N,"I loved it!","Another selected novel for my high school literature class.  What a great story!  Mr Biswas and his family were such characters! Full of richness, weirdness and life. Very real with all of the emotions, quirks and traits that make us distinct and unique humans.  I love Naipaul.",2008-02-15
US,52488906,R1VAE635GJJB0H,0375707166,714737202,A House for Mr. Biswas,Books,5,1,3,N,N,"Brilliant!","I hate typing so I will just say that the sense of alienation in this book's characters is most akin to my world view.  Darkly funny and my favorite book ever!",2008-02-06
US,35410876,RFKHIK758Z8QC,0375707166,714737202,A House for Mr. Biswas,Books,5,5,14,N,Y,"Incomparable","Naipaul is a genius.This book is above and beyond.If after reading this book you don't acknowledge Naipaul's genius, you can feel free to consider yourself a functional illiterate who has no love for the english language or understandig of the human condition.",2006-11-29
US,50230169,R17JSYRW7XEGYD,0375707166,714737202,A House for Mr. Biswas,Books,4,14,15,N,N,"The Tragic Of The Commonplace","A rich, almost moment-to-moment depiction in the life of a hapless Trinidadian Indian, \\""A House For Mr. Biswas\\"" is V.S. Naipaul's answer to \\""David Copperfield,\\"" a novel that uses his real-life experiences as showcase for his art and his darkly complex view of humanity.<br /><br />Mohun Biswas didn't get many breaks in his life. Born into a miserable family made destitute by the freakish death of his father, he lost his vocation to be a holy man when forced to eat too many bananas, then took to sign painting, which landed him into a loveless marriage, not to mention a set of in-laws who browbeat him mercilessly.<br /><br />All this is by means of saying \\""A House For Mr. Biswas\\"" is a comedy that depends on your frame of reference. If you get worked up about butchered puppies, conniving solicitor's clerks, communist brothers-in-law who slap children for mishandling hands of cards, etc., you may find this book a long, difficult read. But if you approach it as a work of fiction, you may enjoy it for the rich gumbo it offers.<br /><br />\\""She talked with pride of the beatings she had received from her short-lived husband,\\"" is Naipaul's description of one minor character, one of Biswas' in-laws. \\""She regarded them as a necessary part of her training and often attributed the decay of Hindu society in Trinidad to the rise of the timorous, weak, non-beating class of husband.\\""<br /><br />Few characters come off well, including Biswas, a drip who whines about the in-laws even as he eats their food. His one hope for redemption, it seems, is to find a house to call his own, but each effort to do this brings only greater grief and ruin, financial and otherwise.<br /><br />I can see why people find this a tough slog, but of course Naipaul isn't writing to schmooze his readers with ideas of what a humanitarian he is. He may be the most dyspeptic Nobel laureate in history, though his uncompromising vision is also the source of much of his power. That's not to say \\""A House For Mr. Biswas\\"" is without grace, just lacking sentimentality as it roots through the various passages of Mr. Biswas's life with pinpoint precision and pinprick candor. By the end, you feel much like you lived his life with him minute-by-minute, which may be Naipaul's most impressive feat in this very impressive book.<br /><br />The absence of a central plot as well as the length makes this a harder read than other Naipaul tomes, and those wanting more of a story and less of a character piece may want to start with something like \\""A Bend In The River,\\"" which has other things going for it, too.<br /><br />Sure, I found this heavy-going, but I was glad to read it, and read it again. At one point, Biswas's son, a stand-in for Naipaul himself, talks about Eliot's poem \\""Love Song Of J. Alfred Prufock,\\"" and there is a similar theme running through both that classic comic poem and this novel, something about the tragic of the commonplace and of the unique perspective of life's futility one reaches at middle age.<br /><br />There is beauty as well as misery in such a view, of Naipaul making peace with an unhappy past. The same novel that throws up a rogue's gallery of misery makers, which torment our feckless protagonist with disconcerting ease, also dishes out lines that make you understand why life is worth living after all, why it has a nobility: \\""So later, and very slowly, in securer times of different stresses, when the memories had lost the power to hurt, with pain or joy, they would fall into place and give back the past.\\""r Mr. Biswas\\"" is without grace, just lacking sentimentality as it roots through the various passages of Mr. Biswas's life with pinpoint precision and pinprick candor. By the end, you feel much like you lived his life with him minute-by-minute, which may be Naipaul's most impressive feat in this very impressive book. <br /> <br />The absence of a central plot as well as the length makes this a harder read than other Naipaul tomes, and those wanting more of a story and less of a character piece may want to start with something like \\""A Bend In The River,\\"" which has other things going for it, too. <br /> <br />Sure, I found this heavy-going, but I was glad to read it, and read it again. At one point, Biswas's son, a stand-in for Naipaul himself, talks about Eliot's poem \\""Love Song Of J. Alfred Prufock,\\"" and there is a similar theme running through both that classic comic poem and this novel, something about the tragic of the commonplace and of the unique perspective of life's futility one reaches at middle age. <br /> <br />There is beauty as well as misery in such a view, of Naipaul making peace with an unhappy past. The same novel that throws up a rogue's gallery of misery makers, which torment our feckless protagonist with disconcerting ease, also dishes out lines that make you understand why life is worth living after all, why it has a nobility: \\""So later, and very slowly, in securer times of different stresses, when the memories had lost the power to hurt, with pain or joy, they would fall into place and give back the past.\\""",2006-02-27
US,52067914,R3C96AIVLIFYUB,0375707166,714737202,A House for Mr. Biswas,Books,5,2,3,N,N,"A masterpiece without question.","It has been too long since I read this book [probably 15 years ago] for me to offer an erudite and detailed analysis. But I do remember vividly that when I read it that the word \\""masterpiece\\"" came repeatedly to my mind. In a league with Thackeray's \\""Vanity Fair\\"" and Paul Scott's \\""The Raj Quartet\\"".  Find the time to read it; you won't regret it.",2006-02-19
US,42840423,R1D0IHSY5ZBR66,0375707166,714737202,A House for Mr. Biswas,Books,5,4,11,N,N,"The Life of a Looser","Big Book with no plot, the thing that makes it a classic is that Naipaul seems to write without any prejudice, from a very cold perspective this book changed my life like any other book. It is simply amazing.",2005-11-03
US,21436815,R2RSDJUH7YPT7W,0375707166,714737202,A House for Mr. Biswas,Books,5,7,7,N,N,"Naipaul makes you care","The genius in Naipaul is that he can make anyone care about poor people growing up in the undeniable backwaters of an island in the Caribbean.  He does this without condescension, and with sarcasm, detachment, humor, and warmth, all at the same time.  I couldn't put this book down.  Naipaul is the standard for all good writing: staying sensitive to dialect but having perfect English grammar.  Especially for writers of color, he is the standard for having pride and interest in our histories without arrogance or being exclusionary, and seeing how wisdom and stupidity are transcendent through all peoples.  My all time favorite.  I would like to read it again, but the conundrum is I want to read his other stuff too.  Perhaps when I retire....",2005-07-24
US,12921913,R1OP2HD82CPHLU,0375707166,714737202,A House for Mr. Biswas,Books,5,4,5,N,N,"Naipaul's best..","\\""A House for Mr. Biswas\\"" is probably Naipaul's best - can't recommend it highly enough. Naipaul is a master at understated, calm, unobtrusive story telling.. As I read this most absorbingly keen book, I couldn't help but be hypnotized by this story of a man's search for \\""independence\\"" in post-colonial Trinidad.What a book! What a writer! <br /> <br /> <br /> <br />",2005-07-16
US,50476092,R1ETBWUOZAXREI,0375707166,714737202,A House for Mr. Biswas,Books,5,15,16,N,N,"Naipaul's best","One of the most satisfying novels I have ever read. In my admittedly non-erudite opinion, it is the author's best work. At the least, it is his most honest one, free of a certain smug condescension and pretentiousness that seems to creep into his later works. The writing is richly detailed (none of it superfluous), with a brilliantly understated sense of hapless comedy underscoring the tragedy of Mohun Biswas's life. If you like prose that is not pompous, full of gentle wit, and clearly in the hands of a master, and a story of rare poignancy - this is your book.",2005-03-10
US,16945748,R3TOR0RIKLHFUZ,0375707166,714737202,A House for Mr. Biswas,Books,5,6,6,N,N,"Naipaul's Best!","Having read half a dozen of Naipaul's books I can confidently say that this one is my favorite of them all.  Biswas is one of Naipaul's typical main characters that serve as narrator for many of his other books.  Biswas is arrogant, repulsive, and abrasive.  But Naipaul's magic is that he makes the reader want to follow this curmudgeon  through the decades of his life and through the more than 500 pages of the book.  By arousing sympathy in the detestable figure the author demonstrates his brilliance.  For a long book it reads pretty fast, and unlike many other books of its length it doesn't ever really lag, which is an amazing feat in my opinion.  For those who love a good story that never quits, this is a great book to pick up.",2004-08-07
US,51343369,R2MYWTER1X5NBP,0375707166,714737202,A House for Mr. Biswas,Books,5,2,2,N,N,"One man's quest for a house of his own. [4.5 stars]","Mr. (Mohan) Biswas had an unlucky birth. He was born at the wrong time of day and the midwife claimed that he would &quot;eat up his own mother and father.&quot; From his birth Mohan struggled with the midwife's prophesy while trying to get his life on the correct track, gain independence, and most importantly, to purchase a house for his family away from his meddling in-laws that would give him some peace and quiet. At the surface this novel appears to tell a simple tale of one man's life, but as the story progresses it becomes evident that there is much more to this story than what first meets the eye. <br />V.S. Naipaul spins a delightful tale of rural Indian populations in the Caribbean island of Trinidad. The reader gains a perspective on the multi-cultural history of this island nation while assimilating new beliefs and customs. This novel creates an atmosphere full of poverty, dirt, and apathy but in the midst the main protagonist is determined to make it one his own terms and conditions. Amongst it all there is a clear sense of hope.<br />There is little doubt that the character of Mohan is certainly not an overall likeable man. He has a tendency to be selfish and rude to those who have helped him. But at other times I felt pity and compassion as some of his dearest altruistic actions failed miserably. Mohan is a wonderful yet flawed character.<br />One of the aspects of this novel that I loved most was the humor that often made me laugh out loud! Mohan's interactions with his wife's extended family are often hilarious and riotous. He can certainly make a fool of himself if left to his devices. But I have to admit that the best part were the stories that he wrote while working as journalism in Port of Spain. I continue to laugh just thinking about them!<br />Overall, THE HOUSE OF MR. BISWAS was a wonderful and rewarding reading experience for me that drew on virtually all emotions. I was immediately drawn into the plot and the plight of Mr. Biswas and felt compassion for him (except, of course, when he was making a fool of himself). Don't let the length of this book put you off; it is definitely worth the time investment. Highly recommended.",2004-06-04
US,38879318,RJ7V1G4BSWM17,0375707166,714737202,A House for Mr. Biswas,Books,5,3,4,N,N,"In the classical style.","This book is in a direct line of descent from Madame Bovary and reaches a summit of the classical style. Beautifully written and unsurpassed in its perfect balance of detail, structure, and tone.",2004-04-13
US,38954624,R13K21V5NV6LRZ,0375707166,714737202,A House for Mr. Biswas,Books,4,2,2,N,N,"A Very Entertaining Read","I was assigned this book for a graduate course in English and it is one of the very few which I thoroughly enjoyed. The book follows all 46 years of the Indo-Caribbean Mr. Biswas' life in Trinidad. Mr. Biswas is a poor sign painter who got tricked into marriage to a woman with a large, annoying extended family. He tries to make a life for himself on his terms, but ends up relying on his in-laws more than he would like to. Because of the setting, the characters often speak in dialect (which is not very difficult to understand), and Mr. Biswas can be relied upon to come up with a funny comeback to the other, more pompous characters in the novel. This book is great on many levels-it can be enjoyed as a &quot;beach read&quot; or seriously studied as a great novel-either way, I thoroughly recommend it.",2004-04-06
US,51193044,R1K1LE6ETH4C5A,0375707166,714737202,A House for Mr. Biswas,Books,2,46,72,N,N,"unbearable","I'm amazed that I'm completely at odds with the majority of the reviewers. Now, I consider myself an intelligent person and an avid reader but I fail to see what's so great about this novel. For the first time in my life, I stopped reading a book after 400 pages into it. It was, with the only word I can think of, unbearable.    Why would you like a novel? The least sophisticated reason might be the story being interesting, or entertaining. If your idea of an interesting story is one of a lifetime loser who keeps changing jobs, constantly complaining about his rich in-laws but after every failure goes back to them to live with 50 other people in the same house, sleeping on the floor; endless family quarrels; ignorant people who speak broken English etc, this book might be for you, because from the beginning to the end, that's what you get. There is nothing that gives you a curious, exciting feeling of \\""what's going to happen next?\\""; from his birth to his death you read the uninteresting life story of a loser with uninteresting details. You don't feel badly about him, you don't sympathize with him, you don't hope him to \\""make it this time\\"", but you read and read and read and nothing changes. As such, I wouldn't be exaggerating much if I say that there isn't really a plot. If you listen to your grandfather's life story one night and write it the next few days, you can do just as well as the author of this novel, if not better, because at least there is a good chance that anybody's grandfather had a more interesting life than the completely uninteresting life of the protagonist, Mr. Biswas. As for humor like the other reviewers found, that's also a complete mystery to me. There is no humor.    I read other novels with stories that doesn't interest me but the way the story was told was so beautiful that I couldn't stop reading. Immediately, \\""Old Man and the Sea\\"" of Hemingway comes to my mind. Fishing, personally, is not interesting for me; as such if a fishing lover friend starts telling me how he tried to catch a fish in details, I would quickly find a way to change the subject. But \\""Old Man and the Sea\\"" happens to be one of my favorite novels because the language, the prose is just beautiful. Naipaul, however, is not Hemingway. It was further amazing for me to read that a lot of reviewers praised Naipaul's prose. In my opinion, his prose is better than an average high school student, but that's as good as it gets. There is no \\""art\\"", no elegance in his prose. He just writes Mr. Biswas' life in historical order. It's like a chronology without the dates.    If I should force myself to say anything good about the book, maybe it exposes you to a foreign culture little bit. But just little bit and not in a thought provoking way.    I realize I feel and think so much opposite to the majority.  When so many people like and praise this book and my position is the exact opposite, maybe the problem is me. Maybe I fail to see what they see. Logically, it is quite possible that I am just wrong. But as a well-read person, it is hard for me to put aside my confidence and accept that. So another possibility I can think of is as follows: Giving literary awards is not an easy task. Literature is not mathematics, literary taste is in some degree, subjective. Sometimes there might even be other influences, political or otherwise. One way or another, once a work gets awarded Nobel prize however, it becomes difficult for people to open mindedly criticize it. They try to force themselves to like it, and if they can't like it they don't express it for fear of sounding unsophisticated, unintelligent, or downright stupid. So usually you only see positive criticisms.     If you are still curious about the book, read it. I leave it up to you to decide between the to possibilities.",2004-04-04
US,52891684,R1J2L2ICMOJPX2,0375707166,714737202,A House for Mr. Biswas,Books,4,3,3,N,N,"This one will take some time...","A House for Mr. Biswas was my first foray into V.S. Naipaul's writing.  Perhaps I should have started with a shorter book.  However, the character of Mr. Biswas is one I will never forget.<br />Take your time reading this one.  Naipaul's writing is wonderful but a bit slow at times.  You will be rewarded in the end as this novel will stay with you for quite some time.  It definately makes me want to explore other novels by Naipaul.",2004-02-06
US,49933543,R1ZATXJHJL2UHC,0375707166,714737202,A House for Mr. Biswas,Books,5,6,6,N,N,"Magnificent","I've read a number of books by Naipaul, and I can truthfully say that I believe V.S. Naipaul to be one of our very greatest living writers.  Without a doubt (in my opinion anyway) A House for Mr. Biswas is his masterpiece, and perhaps one of the most beautiful books ever written.<br />I don't say this because Biswas contains pages of flowery prose or some sort of cheesy feel-good plot.  In fact, it is one of Naipaul's greatest strengths that he needs no gimicks in his writing whatsoever.  What you see is what you get.  Its like listening to Brahms, but different in that Naipaul is a completely modern writer.  Modern, but without anything uncomfortably experimental or trendy.<br />The beauty of Naipaul's writing is deep, and always somewhere just beneath the surface.  First of all it is in his structure.  The over-arching themes of the novel are integrated seamlessly into the a plot-line that reads more like an actual life than your conventional exposition, climax, etc.  The comedy and the tragedy of Biswas are to be found side-by-side, and every page bears the imprint of a master stylist.  There is beauty in Naipaul's clarity, in his realism, and perhaps above all, in his sincerity.<br />For anyone who has enjoyed Naipaul in the past, A House for Mr. Biswas is an obvious next step.  For those new to Naipaul, or even those who have been turned off of him in the past, A House for Mr. Biswas, of all Naipaul's works, is probably the most balanced and the most timeless.  Although it touches on many themes common to Naipaul (alienation, colonialism, the search for independence) A House for Mr. Biswas ties them all together into one magnificent work.  Perhaps the perfect modern novel.",2004-01-30
US,38257399,R3H98U00GH7EH7,0375707166,714737202,A House for Mr. Biswas,Books,5,1,1,N,N,"Biswas and Self Worth","A House for Mr. Biswas is a sprawling epic that displays Naipaul's comic gifts to the fullest. It's too bad that Naipaul became such a bitter man in his later years. Novels such as A House for Mr. Biswas, The Mystic Masseur, The Suffrage of Elvira and his comic masterpiece, Miguel Street, reveal his critical discernment and shatter all the pretensions of Caribbean life. Naipaul gives us a rare picture of ourselves as a vibrant people who are just as foolish as everyone else.",2003-04-16
US,48245725,R3B04J0R9C9UQM,0375707166,714737202,A House for Mr. Biswas,Books,5,9,10,N,N,"One man's quest for autonomy.","This book was a selection in our reading group and we were unanimous in our enjoyment of it. It remains our highest rated of all books we've read over an eighteen month period, and one of my all-time faves.<br />It is set in postcolonial Trinidad, and is filled with the wonderful idioms of Trinidadian English.<br />Mr. Biswas' expectations and dreams are not all that grandiose (or so it would seem). I mean, all the poor guy wants is a house of his own, some dignity and privacy... some distance between his own family and the irritations of his in-laws, the pushy, domineering Tulsis.<br />But all of his efforts seem to meet with calamity. Time after time, through events hilarious, but at times, downright sad, we learn to love to pity Mr. Biswas.<br />We follow him through a plethora of jobs, from sign painter and plantation overseer (Mr. Biswas miserable) to hilariously inventive and ever-optimistic journalist (Mr. Biswas happy).<br />We continue to hope his ship will come in, and we stay with him throughout his entire life as son, husband, father, and family man until his final triumph... a very peculiar house of his own.<br />The strength of the book is in how Naipaul uses humor to portray the un-funny struggle that people in impoverished circumstances face when trying to reach even modest goals.<br />As such, Mr. Biswas' world is presented as realistically bleak as ever, in a novel that isn't.<br />A poignant book, maybe even flawless.",2003-04-07
US,51345940,R225T54ZRT89D3,0375707166,714737202,A House for Mr. Biswas,Books,5,27,29,N,N,"A classic from last years Nobel winner.","This is one of the handful of true classics written since the Second World War, and the greatest novel ever written by someone who lived and grew up in the Third World.  It is a story told with great compassion and humor of Mohun Biswas, a man who, despite all his faults and weaknesses, is head and shoulders above his provincial but wealthy in-laws.  The novel chronicles Mr. Biswas's sad but dogged struggle to attain a level of dignity among people sunk in stupidity and a mania for status.  Reading this book, I began to understand Naipaul's especially pessimistic non-ideological conservatism.  He sees all too clearly how the problems of the Third World are a product of certain type of congenital dysfunction.  This is the tragedy of the novel.  The people he describes are victims of their own states of mind.  Any attempt to \\""liberate\\"" them would surely fail, because you cannot cure sicknesses of the soul.  Biswas realizes he can do nothing about his in-laws.  They are hopeless cases.  When they move to a country state, instead of harvesting the many orange trees on the property, they begin chopping them down so they can pick the oranges that much easier.  By this time, Biswas is too much of a fatalist even to be angry about this any more.  In Biswas fatalism we see the seeds of Naipaul's pessimistic vision of the Third World.",2002-10-08
US,50118338,RR4VTEB5VX4DQ,0375707166,714737202,A House for Mr. Biswas,Books,3,27,37,N,N,"Accessible but unlikeable","I picked up this book at the recommendation of a friend, shortly after Naipaul was awarded the Nobel Prize.  Though I had hopes, I must say I didn't enjoy the book.  The language is very straighforward and accessible, which is both surprising and welcome.  However, none of the characters is sympathetic or especially interesting.  The eponymous Mr Biswas is a milquetoast and unlikeable protagonist, forever bemoaning his lot in life but seemingly determined to do nothing to improve it.  He marries into a selfish and domineering clan full of equally unlikeable characters.  Though the writing is crisp, the story itself is meandering and slow, only occasionally punctuated by events of interest, amid Biswas' incessant whining.",2002-07-19
US,49396726,R34LJ5XRBC4FXC,0375707166,714737202,A House for Mr. Biswas,Books,5,55,61,N,N,"A struggle for independence","As a British colony, Trinidad became the home of many Indian immigrants, and &quot;A House for Mr. Biswas&quot; tells the story of a man who is born into and grows up in this society searching for a place he can call his own.  In this novel, V.S. Naipaul vividly and picturesquely describes Trinidad as a thriving but generally poor island populated by a strong Hindu community with a waning observance of the caste system and where, even well into the twentieth century, the most common mode of transportation is the bicycle.<br />Naipaul's titular protagonist, Mohun Biswas, was born a bad omen, declared by a pundit (Hindu scholar) to be the eventual downfall of his parents; the prophecy is seemingly fulfilled when his father accidentally dies because of his mischief.  After some brief schooling, Mr. Biswas (as he is called throughout the novel, even as a young boy) embarks on a series of odd jobs:  After an unsuccessful apprenticeship to a pundit, he is sent to work in a relative's rumshop and later becomes a sign-painter.  It is on this job that he meets a pretty girl named Shama, whose family, named Tulsi, owns many properties and businesses in Trinidad.  A marriage is arranged between Biswas and Shama, and he soon finds himself a prisoner of the Tulsi family in a way, a situation which becomes the basis for his lifelong struggle for independence.  <br />The Tulsis' house, called the Hanuman House, is crowded with members of Shama's extended family, including her mother, her uncle Seth, who manages much of the family's businesses, brothers, sisters, and innumerable and indistinguishable nieces and nephews -- living conditions which lead to irritation and violent arguments with in-laws.  The Tulsis give him a shop to run and a sugarcane field to oversee, but he lets deadbeats and workers take advantage of him.  His attempt to build his own house and move away from the Tulsis for good, with the help of an incompetent carpenter, ends in disaster.  <br />On his own initiative, he becomes a reporter for a Trinidad newspaper, the Sentinel, writing sensational and often embellished stories, interviewing &quot;Deserving Destitutes,&quot; and learning a new kind of creativity which grants him true vocational freedom from the Tulsis.  Meanwhile, Shama bears him four children, among whom there is only one son, Anand, whose fragile relationship with his father instills the novel with touching moments of realism.  <br />It's easy to empathize with Mr. Biswas, for he is a character of the most universal sort -- everyone can relate to his desire for autonomy, freedom, and independence.  He could be a symbol of the emancipation of a controlled people -- specifically, Indian independence from the British empire -- but the novel also succeeds on its surface level.  We know from the prologue that Mr. Biswas eventually does escape the Tulsis and obtain a house, a decrepit, boxlike affair that hardly seems like a personal triumph.  But it is *his* house, his declaration of independence, a final confirmation that he is indeed his own man.",2002-06-13
US,43002296,R3OSWLA3ZW7D62,0375707166,714737202,A House for Mr. Biswas,Books,5,5,8,N,N,"Great writing, real social criticism, so human, so much fun","I'd always gone along with the bias against Naipaul due to his conservative, some would say neocolonial, politics. Big mistake. This is great writing, a fun book, and real social criticism. Though it is hundreds of pages long, this read felt bad when he finished it that there were not another 500 pages to read!<br />  He really captures the argot and ways of the East Indian commmunity in T &amp; T, and captures the foolishness, greed, and ridiculous caste and caste striving.  All of this is done in manner that preserves the real humanity of everyone involved.  This is so much fun!",2002-05-12
US,50692529,R2BH6RUGYE4NLO,0233955895,714737202,A House for Mr. Biswas,Books,3,8,21,N,N,"Disfunctional family Indian-style","Naipaul is a great wordsmith, and I suspect that this novel has some autobiographical elements. It is essentially the story of a struggling , disfunctional Indian family . It is clear that the author knows the suject and the setting very well, but unless this is an area the interests you, it is likely that the book will be a long and not totally satisfying read.  Tony Soprano's family is more interesting, and has more depth.",2002-04-23
US,52830472,RK3RTKF1Z3EIG,0375707166,714737202,A House for Mr. Biswas,Books,5,5,7,N,N,"This book defines &quot;engaging&quot;","This book defines &quot;engaging&quot;.  Though I have never been to Trinidad, I now feel like I've spent significant time there.  Using very few words, Naipaul paints a portrait of what poverty in Trinidad looked like, emotionally, economically and socially.  He also takes a protagonist who seems very harsh and abrasive at first, and makes him into a sympathetic character.  We grow as he does.  I've seldom read books that have made me able to so fully climb into the skin of a character, but this one does it.  You feel his anguish, and understand his few joys.  All of this is done with a very economical use of words.  This is truly one of the best books I've ever read.  I can't reccommend it enough.",2002-03-09
US,52506680,R4JVV7KRNER6E,0375707166,714737202,A House for Mr. Biswas,Books,5,2,6,N,N,"I can't--","Despite the tears, nobody ever says this thoughout this long, fascinating book.  A story of generations, of family dispute and disparity, A House For Mr. Biswas is a stirring, masterful dispiction of life going on.  It tells of one man's humble independance that he keeps private, not realizing how such subtle virtue affects those he comes in contact with.<br />Never dull, always anticipatory, one of the greatest books ever written--",2002-03-05
US,51079773,R2RDJP3R864M6K,0375707166,714737202,A House for Mr. Biswas,Books,4,23,24,N,N,"A portrait of rural Trinidad and one man's quiet struggle","A House For Mr. Biswas, the acclaimed novel by Nobel prize-winning author V.S. Naipaul, reads like an epic and is clearly the work of an accomplished writer.  Naipaul's depiction of one man's life, beginning with his birth in rural Trinidad at which time he is labeled as \\""cursed\\"" by the local holy man, is an extraordinary account of an ordinary man and his struggle to provide for his family.  So why does this book, filled with beautiful prose, memorable characters, and heart-wrenching events, feel like it is about 200 pages too long?<br /><br />Mohun Biswas, an ethnic-Indian born in Trinidad in the early 1900s, abruptly marries into the Tulsi family, and his life is from that point on dominated by his controlling mother-in-law, Mrs. Tulsi, and Seth, her brother and head of the Tulsi household.  The Tulsi family provides him with housing and various jobs, ranging from managing their dry goods store to supervising their farm, but they also provide him with constant harassment and grief.  Mr. Biswas longs for the day that he can own his own home, and his pursuit of this goal is the novel's persistent theme which gives it its epic quality.<br />A House For Mr. Biswas is, ultimately, a finely crafted novel.  Naipaul's powerful, moving prose beautifully depicts the struggle, pain, and sorrow of one man's life; at the same time he paints a calm and full portrait of the ethnic-Indian experience in rural Trinidad.  In many ways, this book does for rural Trinidad what John Steinbeck's The Grapes of Wrath does for Salinas, California.  It's only flaw, perhaps, is that the book's length feels somewhat forced, as if Naipaul believed that a 600-page novel would more powerfully depict his character's tragic nature than, say, a 400-page novel.  The truth is that Naipaul's prose is so robust, and his characters so genuinely human, that A House For Mr. Biswas achieved the status of epic long before its final page.",2002-01-26
US,39000116,RDL20H7240IDT,0375707166,714737202,A House for Mr. Biswas,Books,4,5,7,N,N,"Mr. Biswas, Homeless","A House for Mr. Biswas, is not so much the story of Mr. Biswas, but of the South Asian extended family - its turmoil, gossip, reunions and joys. Naipaul is unerringly accurate when describing the extended Indian family: the competition between parents over the successes of each other's children; the power of money and elder authority; the elevation of boys over girls in terms of future possibilities and education.<br />Mr. Biswas is a heartbreaking and frustrating character. His mistakes, his ignorance, flares of tempers, and his valiant attempts at tryng to become independent from his mother's family turn him into a three dimensional character - one that you can both love and hate. His family is also well developed and complex - from his wife Shama to his young son, Anand, struggling under the weight of familial expectations. <br />This book didn't receive a four star review because it doesn't always capture your full attention. This is not the type of novel you spend all weekend reading. It is the type of novel that you read for a half hour to twenty minutes before going to bed, it's good but it's not enough to keep you up all night unable to put it down. <br />The second criticism I have of the book is its rushed ending. The novel itself has an interesting structure, in that we learn the future of Mr. Biswas, backtrack and then follow the course of his life up until his death. However, those few pages at the beginning of the novel are the same as what you receive at the end - a rushed and incomplete rendering of Mr. Biswas's dream - a house of his own. Also, the reader after several hundred pages is expected to remember the details from the beginning that Naipaul neglects to reiterate at the end. Considering the tremendous detail that accompanies the rest of the book one has to wonder if this was a planned theme: the realization of a dream isn't all that fulfilling; or was it simply laziness on the part of the author? That dilemma is for you to resolve.",2002-01-17
US,50842400,R25OT7PSSNAS3Y,0375707166,714737202,A House for Mr. Biswas,Books,5,9,17,N,N,"Nobel Prize Press Release","The Nobel Prize in Literature 2001<BR>V.S. Naipaul<br />The Nobel Prize in Literature for 2001 is awarded to the British writer, born in Trinidad, V.S. Naipaul<br />\\""for having united perceptive narrative and incorruptible scrutiny in works that compel us to see the presence of suppressed histories\\"".",2001-10-11
US,49404909,R1E28T2HB340Z5,0375707166,714737202,A House for Mr. Biswas,Books,5,90,102,N,N,"A Nobel Prize for Mr. V.S. ( Naipaul, that is)!!","A House for Mr. Biswas is all of the following -- complex, psychologically perceptive, emotionally difficult, rewarding, moving, depressing, tragi-comic, deeply ironic, metaphoric, nightmarishly surreal, utterly believable, honest, exasperating, claustrophobic, prudish in some ways (no sex, for instance), deeply human, liberating, brilliant, frustrating, beautifully written  and much more. It is a book which very well may tempt you, as it tempted me, to just say the hell with it about halfway through, as Mr. Biswas struggles, but never seems able to achieve, autonomy, self respect, happiness, freedom (especially from the suffocating, sprawling Tulsi family  the ultimate in-laws from hell!!), let alone the house referred to in the title. But dont give in to temptation! A House for Mr. Biswas is a book that richly rewards those who stick with it, who persevere, just as Mr. Biswas does, although at times you may feel like you cant take it anymore (one step forwards, two steps back, argggghhh!). Perhaps a helpful attitude in reading this book, which I strongly recommend you consider, is to think of yourself as a reader and learner (to use V.S. Naipauls term for the Tulsi schoolchildren) at the feet of a superb writer with something to say and a great deal of wisdom to impart.<br />In sum, A House for Mr. Biswas is a deeply satisfying (as opposed to entertaining or superficially enjoyable) book, NOT easy summer beach reading, but a book which confirms the psychological clich that its the HARD STUFF which is potentially the most rewarding emotionally. So, dont let the fact A House for Mr. Biswas is not easy scare you off, because this is truly a brilliant book, and one which richly deserves its ranking as one of the best books of the century (#72 on the Modern Librarys best fiction list, for instance). Oh, and by the way, why hasnt V.S. Naipaul won the Nobel prize for literature yet?  (Earth to Nobel Prize committee, come in please!)  Anyway, for what its worth, I hereby nominate him, and hope that many of you will second my nomination!",2001-09-02
US,48354073,R3ELJ3UAMHIIBH,0375707166,714737202,A House for Mr. Biswas,Books,5,7,9,N,N,"dickens in trinidad","THis is a novel of epic proportions about the struggle of an individual against his in-laws, a &quot;mini-totalitarian society&quot; as Naipaul put it.  While the plot is simple - Biswas wants his own house - the struggle is so painfully real.  You will laugh and cry with this book, and learn about the Third world as well.<br />Naipaul said that this book marked his maturing as a writer, and in many ways it is his best novel.  Warmly recommended.",2001-05-09
US,49194495,R1LPYS55AJXBNX,0375707166,714737202,A House for Mr. Biswas,Books,3,26,34,N,N,"The Trinidad version of an Indian Al Bundy.","To those who remember Al Bundy from the show Married with Children, this book would seem very similar.  Mr. Biswas, from a poor family, is rushed into a marriage that he wasn't prepared for, is at the mercy of his in-laws, has a low paying career, and is stuck with a wife that hates his guts.<br />Mr. Biswas is presented as a loser whose one goal of finding a place of his own.  Without giving too much away, this book follows the simple struggle of Mr. Biswas's life.  It presents a fascinating view of Trinidad and Indian families within.  From crowded Indian houses, to sugarcane fields, to villages, to crowded buses, to resorts, the reader gets a great glimpse of life on the Island.  The reader also gets to follow the life of this man as he struggles in his marriage, his career, with sanity, and the search for his house.  Throughout his life, he lives in crowded and squalid residences, and wishes to live independently from it all.  Thus the name of the book.<br />The one flaw of this book is the monotony.  Mr. Biswas did not live an exciting life, and Naipul forces the reader to look into his most mundane activities.  This readability of this book greatly declines as the book nears the end.<br />Tedious at some points, this book does a great job bringing Mr. Biswas's perspective to the reader.  I would recommend this book to those with some time and patience.",2001-05-08
US,53057410,R3NSIMJ64K8ZH7,0375707166,714737202,A House for Mr. Biswas,Books,5,6,6,N,N,"Is his enemy himself or colonialism?","Mr Biswas is a member of the East Indian community in Trinidad. His attempts to gain some freedom and dignity in life (especially to be owner of a house) are constantly thwarted. He is trapped into marriage, becomes subservient to his wife's awful family and loaded with debt. Is he held back by poverty, or by the chains of Hindu tradition, or by the colonial system, or racial prejudice, or is his problem his own personality? Are  these separate problems or one problem?  One reviewer questions whether a book about such a frustrated life can be called funny. I think that it's one of those books with such a broad and rich view of life that humor inevitably finds its way in.",2001-03-25
