US,51021900,R21GJNJYETRX1W,0970808143,85417835,Money,Books,5,2,2,N,Y,"Deep, yet simple, explanation of what money really is","If I hadn't already been familiar with the Three Principles before I read Money by Arnold Patent, I might have been really confused. But I am well versed in the Principles from reading and taking courses with Michael Neill and Jamie Smart, among others, so Patent's work was an interesting new voice in the mix. I'm still absorbing what he says here, but I really like his description of what money actually is. In fact, yesterday I was talking to someone who had a long and involved story around money, and I used some of Patent's language in talking with her about it. Within about 30 seconds, she woke up to the story she was telling herself and seemed to change before my eyes. I'm curious to see how this understanding unfolds for me in regards to money, as well.",2015-07-20
US,14078234,R38XNPEK3U2ZS9,0970808143,85417835,Money,Books,5,3,3,N,Y,"Have you lost your mind about money? If not, there's still time!","Can't say enough about this book. If you are ready, really ready for a conscious and revolutionary mindset shift about money, take a look at Arnold Patent's work. Please note that this approach has nothing to do with the way we see money as currency; it's not about investing, saving, or spending wisely. It has nothing to do with making yourself feel good, bad, savvy, or stupid about choices you made in the past. Those are the ego's games and there's no shame in continuing to play by the cultural rules we've been conditioned by, however, you can also choose to leave the madness and suffering associated with fear and lack and play another, more intentional, uplifting, and fun game too. It's all up to you.<br /><br />After discovering Robert Sheinfeld's &#34;Break Loose from the Money Game&#34; series, I was curious about Patent, his coach/mentor. I felt a true alignment with his work and have since listened to his teachings, the Universal Principles, and read most of his other books. I'm a fan of his work and his spiritual approach to life.",2015-07-10
US,53009664,R3ENOGPPRITEY7,0970808143,85417835,Money,Books,5,3,3,N,Y,"It's like you have a successful millionaire at your side coaching ...","&#34;Money&#34; is a really helpful book. It's like you have a successful millionaire at your side coaching you. There's a lot of good info and wisdom here. It is essentially a workbook, so be prepared to do some thinking and self-examination. That's what it takes to finally understand what money is all about.",2015-04-19
US,38055993,R1EH4JIEGIG0RL,0970808143,85417835,Money,Books,5,3,3,N,N,"Five Stars","Arnold Patent is an amazing visionary. I have studied his work for over twenty years.",2014-10-02
US,52516041,RQKN2BDLQXKS9,0970808143,85417835,Money,Books,5,4,4,N,Y,"Really good and enjoyable reading...","Mr. Patent, created a small book that it is price is not its weight in gold. Rather its volume in gold! This is a small book but do not be mislead by its size. This book is like Aikido, a potent distilled of knowledge, a powerhouse when correctly applied. The book itself is not only about money. In reality it is about many concepts of life focused into money and wealth.<br /><br />What is really money?<br />What is real wealth?<br />How would you define wealth and abundance?<br /><br />These are the questions that I believe that this book seeks to answer!<br />The book is really great, the delivery is excellent. It feel like one is having a conversation with granpa and not with a lawyer...",2014-04-24
US,42063761,REC02KOQSCCAB,0140088911,394767391,Money,Books,5,1,2,N,Y,"Fantastic!","Of course you'd expect nothing less from Martin Amis. He wordsmithery is incredible and, like &#34;Success,&#34; this is one funny, ribald ride. While I love his books, after a while they all seem to blur together for me. By far, this one is my favorite. There always seems to be an element of Pynchon or even Salinger in his writing, (or vice versa) and it makes for an easy, yet intellectual read. Would also recommend &#34;Success,&#34; and the books of Pynchon.",2014-02-07
US,49138487,R1DE7L63YSNMOR,1466425466,906992000,Money,Books,5,0,0,N,N,"Mahler's ""Money"" a Must Read.","\\""Money\\"" is a powerful and exciting first novel.  Mahler invites the reader into the dangerous and chaotic world of conspiracy.<br />His dynamic writing style hooks the reader immediately.  Once hooked, the unrelenting  'need to know'  keeps the reader under his control.<br />As the story unfolds, one begins to care about the characters, who they are, where they came from and more excitingly, where they are going.<br />Mahler has a firm grasp of the english language, and all of it's variables and subtleties.<br />Anyone can write a book if the desire is there, but not many can actually 'write' a book. It's exciting to find such a talented young writer in a world of 'wannabes'.<br />Mahler has all the necessary skills to become one of 'the good ones'.",2012-02-20
US,24763714,R2C0QDDST766BT,1466425466,906992000,Money,Books,5,0,0,N,N,"Money","This book had a compelling plot.  The plot developed slowly at first then it had some interesting twists and turns.  I enjoyed the development of the different characters.  I am looking forward to other adventures with these characters.",2012-02-16
US,36870746,R3LJ75KR3J7K2G,1466425466,906992000,Money,Books,5,0,0,N,N,"Money is a must read book","\\""Money\\"" is one of the most intriguing books that I have read in a while. The mysteries in Betty's life draw you into her world. You are always on the edge of your seat wanting to know what will be happening next - will she find love, will she complete her missions successfully, who can she trust, and does she concur her demons.  I can't wait to see if  any of my questions get answered in the next book. This book is a must read.",2012-02-15
US,10624459,R2M3TZ6HMTWURB,1466425466,906992000,Money,Books,5,0,0,N,N,"Gotta Love Betty!","Intriguing and suspenseful. Betty is someone you can't help but root for to overcome her real and emotional demons. Failed friendships, failed relationships, successful missions. Can't wait to see what Betty is up against in the next book, Power.",2012-02-15
US,51296525,R13BQHNAHK2Y4F,0140088911,394767391,Money,Books,3,0,0,N,Y,"Amusing but lacks substance (3.5 stars)","There is amusement aplenty in Money--lots of deft touches that bring a chuckle as the story zips along. Unfortunately, the novel suffers from a lack of substance. The points Amis makes about greed and unbridled lifestyles are fairly obvious, the targets of his venom are too easy, and the superficiality of his characters is overblown. I nonetheless found the novel worth reading for its comedy which, when it works, works very well. I would give Money 3 1/2 stars if that option were available.",2010-09-22
US,16714727,R2FNQPFO82Z8CX,0140088911,394767391,Money,Books,2,0,4,N,Y,"Juvenile.","Maybe an andolescent boy would find this author and this book in particular worthwhile reading.  Even if you aspire to be a drunk and a lout, this tiresome book would still not be inspirational.  I enjoyed London Fields by same author, even though I thought he may have lifted the idea from Muriel Sparks' The Driver's Seat; but Money was a complete waste of time.  After 100 pages or so, I didn't see the possibility of any further character development or improvement in the writing style.  I didn't bother finishing it.",2010-07-12
US,48524805,R2SH26F342CB6L,0140088911,394767391,Money,Books,2,2,5,N,N,"It's like if Salinger and Bukowski had a brain child and wrote in British English.","I mean, I guess if you've never read Salinger or Bukowski, you'll think this book is okay. Frankly, his writing style is unimaginative and dated, and his plot seems to move aimlessly, but not in a very charming or interesting way. Main character gets drunk and stumbles around a lot and fails at playing tennis, and then he tries to direct a movie and then moves around from various US cities to Britain and back. He has a few friends and offends a lot of people. And a lot of people tell him to stop being such a jerk. And he has some pseudo-philosophies about money, but not really, because he just talks about that money exists and that he has a lot of money and that money runs the world.    The book is supposed to be a kind of discourse on how money ruins people, but I'm not exactly sure how this story brings new ideas to the table. Money corrupts. I'm not sure how this is a new message.    If you want an interesting book on money, read A. M. Homes's _This Book Will Save Your Life_. If you want an interesting book on consumerism, read DeLillo's _White Noise_. If you want a book on money that won't teach you anything new and will re-hash other authors' techniques, go ahead and pick this up.",2010-05-10
US,42651575,RS9DB12XUCTYX,0140088911,394767391,Money,Books,5,0,1,N,Y,"Amis must be the Mentor for the ""Brat Pack""  writers","If Martin Amis was not read and studied  by the writer of American Psycho and Glamorama,  two very important novels which I read and reread and never have far from my grasp, than I will eat Herzog's  shoe if any shoe is left.<br />Money especially has the wild style, the momnt to moment ravings, so realistic and yes I was there (everyone should try it once) and life lived the way we all know we should not be living it  or we better stop soon.  It is as outrageous as Glamoranma and more so.  Almost as nervewracking as Amer Psycho no more so.  Highly recommend this book along with all of Amis' works.",2010-01-23
US,51757266,R1PACDVO7WV5DJ,0140088911,394767391,Money,Books,5,1,1,N,N,"Scoundrel Self is Pornographer You may Love [T]","\\""Money\\"" is a book which explains what debilitating and embarrassing moments of a person's life can arise from the ventures to obtain and gain money.  In this novel, income is derived from pornography and related arts, and expenses are predominantly liquor, women and other debauching habits.<br /><br />This tragic narrative can be said to be predominantly written in gray - as the main narrating character, John Self, jumps into great drinking bouts most nights and awakens in a hangover stupor most mornings. Self is a collage of many of fiction's other well known sad sacks: Harry Angstrom of [[ASIN:0449911659 Rabbit, Run]]; Julian English of [[ASIN:0375719202 Appointment in Samarra]]; Frank Bascombe of [[ASIN:0679735186 Independence Day]]; or Macon Leary of [[ASIN:0345452003 The Accidental Tourist]].  Some of the others are more deserving of sympathy, some of the others are not.  Some of the others emerge from their deciding times, some of the others succumb to the challenge. But, all of these characters' demanding days are the topic of successful novels, as each digs deeply into the subconscience and explained impressions of the protagonist narrator.<br /><br />Infatuation for money abounds.  This novel incessantly delves with that topic. And while writing about this topic, Amis becomes a philosopher of money.<br /><br />\\""Money, my bodyguard.\\""<br />\\""I've stolen food just to stay alive. . . . After a while you can't steal food any more. Why? Because they can tell, the second you walk into the store. They can see no money in you. Not even the memory of money.\\""<br />\\""You have to be tough to make money, as everyone knows.\\""<br />\\""Money means as much to those who have it as to those who don't. And it's true. There is a common pool. By wanting a lot, you are taking steps to spread it thin elsewhere. I'm not sure how tough I am. I'll find out. I know money means a lot to me.\\""<br />\\""With money, double-dazzle New York is a crystal conservatory. Take money away, you're naked and shielding your Johnson in a cataract of creaking glass.\\""<br />\\""If we all downed tools and joined hands for ten minutes and stopped believing in money, then money would no longer exist. We never will, of course. Maybe money is the great conspiracy, the great fiction. The great addiction too: we're all addicted and we can't break the habit now.\\"" \\""You can't get the money monkey off your back.\\""<br /><br />Ultimately, the writing and related insight by Amis make this a creative and engaging novel. Ultimately, the critics' acclaim made many read his above-recited quote - \\""money . . . is the great fiction\\"" - and appropriately conclude that [[ASIN:0140088911 Money]] is a great fictional novel.of creaking glass.\\""  \\""If we all downed tools and joined hands for ten minutes and stopped believing in money, then money would no longer exist. We never will, of course. Maybe money is the great conspiracy, the great fiction. The great addiction too: we're all addicted and we can't break the habit now.\\"" \\""You can't get the money monkey off your back.\\""    Ultimately, the writing and related insight by Amis make this a creative and engaging novel. Ultimately, the critics' acclaim made many read his above-recited quote - \\""money . . . is the great fiction\\"" - and appropriately conclude that [[ASIN:0140088911 Money]] is a great fictional novel.",2009-11-29
US,13821051,RJU897PJD22QW,0140088911,394767391,Money,Books,5,0,0,N,N,"Freaking awesome!","Money is a fiercely funny novel, that follows English-American John Self (a fat, pervert, addict, often exploding in boils in the ass, man) who is constantly on the move between England and LA trying to make a big Hollywood movie. The novel is set in the early eighties and yuppie greed is very high - both in Regan's America and Thatcher's Britain. And John Self is very much `enjoying' this scene. And this is basically the plot: just John Self being very bad in a very greedy area, and occasionally meeting people with funny names : Butch, Spunk, Frank the Phone, Lorne...  The novel is often, just John Self babbling away about modern life and his addictions. But, that is the genius of this novel: Martin Amis highly stylized prose and his clever observation of his characters' world. And the end is, well, nothing short of genius - effing genius! A post-modernist slap in the face of the readers!",2009-11-09
US,38840957,R3FT0Q1M7ZZEZ9,0140088911,394767391,Money,Books,4,0,0,N,N,"Gorgeous writing.","Eloquent and heavy. A fine read. Didn't entirely grab me, but there were some absolutely gorgeously written passages, insights, and affecting scenes.",2009-01-17
US,16614419,R2TD8CPWBEMV1B,0140088911,394767391,Money,Books,4,6,9,N,N,"Everything has its price . . .","(Actually, I'd go 3.5 stars on this, mainly for the unnecessary toughness of the first 60 pages)    I've often referred to Amis whenever the issue of writing overshadowing story comes up. I've heard the complaint often enough about my own work, which isn't to say that my prose is sparkling and overflowing with brilliance as much as it is to say that my prose is pretty good whereas my story is lacking. The same could be said about Money.    I had to put this book down a few times within the first 60 pages, and I tried to finish it a couple times over the course of the past nine or ten months before finally just plowing through the first sixth just to see if it'd end up being worth finishing. As it turned out, it was very worth it, as Amis continues with glorious descriptive prose throughout the whole novel (and I guess I have to give myself some credit for becoming familiar with the style by that point) as well as forming some really good characters and one really great anti-hero.    The anti-hero (the 21st-century-addict and ridiculously named John Self) is too much like too many peoples' little quirks to hate, though he is such an exploded version of those quirks that he takes the need for an occasional drink, cheeseburger, f***, or violence to the level of being an alcoholic, fast food junkie, pervert, and misogynist. Self is a fine creation, and I found myself cheering for him when he tries to turn his life around and never feeling sorry for him when he f***ed up (again and again). He's not a friend, and oddly enough, the reader has the same relationship with Self that the character of Martin Amis does.    Which leads me to the self-indulgence that the book drips with. Putting yourself into one of your own novels? Interesting enough, as the character of Amis serves a few purposes in the way of plot (rewriting the Doris Arthur script, explaining the whole thing at the end, serving as a counterpoint to Self's overblown lifestyle), but I feel that Amis put himself into his book just to break down the fourth wall a bit and say \\""Hey, this John Self guy, he isn't me. I'm me. And here I am!\\"" It just came off as cheap, as did the numerous times where something is said to Self the night before and he doesn't remember because he's too drunk. He meets the elusive Frank the Phone one night in a bar and doesn't remember any of it. That doesn't stop him from telling us he doesn't remember when someone tells him he should. Even more offensive is him just flat out refusing to tell us certain things that Doris and Selina said to him and still telling us that they've told him unbelievably terrible things that he can't comprehend or refuses to think about. We should be propelled forward by the plot and the writing, not bad cliffhangers that distract us from the text.    The writing is there to propel us, for sure. Self is an interesting character with his descriptions of things, and it all comes out with a great vocabulary (I had to look up three words within the first two pages) plastered all over the backbone of money. He can see the beauty of things, even describe them as being beautiful, but it doesn't mean anything to him at all. It's something beautifully frustrating about Self himself (ugh). There isn't much in the way of plot here, and even at the end of the book, I wasn't exactly sure what I was supposed to care about. Somewhere around the middle I ended up deciding to care about the movie Self was trying to make, and the information about his personal life become sort of secondary. The problem is, I could see it going either way with anyone, with readers becoming attached to Self's issues with Selina and Martina as opposed to set problems and money problems surrounding the actors and script of the movie (Good Money or, as it was changed to later on, Bad Money).    Despite all the problems I have with this novel, it has great characters and is very dense and insanely well-written. He takes the concept of writing like Dickens and modernizes it and makes it possible to be read without being bored out of your mind. Amis manages to shoot all of his straws up in the air towards the beginning and watch them all fall down into place at the end not unlike Great Expectations, where we meet a person here and there over the course of the first 50 pages and then they pop in and out of the story, each having their own important effect on the story.    Perhaps dropping the plot out completely was a good idea for this novel, and a traditional storyline like a coming-of-age styled story with Self as a grown up and trying to grow up Pip-like character would have bogged the story down. Amis leaves it up to his the situation that he puts his characters in and his dynamic characters themselves: the sexy, sex-fiend, money-driven Selina, the cool, rich, eccentric Fielding Goodney, the rich, yet pure and smart, Martina, and the moneyman himself, the money obsessed John Self, who brings everything back to a dollar amount and nothing more.",2008-12-27
US,13076971,R2AARSAOHV0P7I,0140088911,394767391,Money,Books,2,1,7,N,N,"Drunks don't make interesting protagonists","For the most part, I believe drunks like John Self in this novel, crazy people like the Australian pianist in the movie who's name I can't remember, and blow-hards like Citizen Kane don't make interesting protagonists.    It takes a Dickens to create works of art based on characters whose mental life seems so circumscribed and repetitive.",2008-11-17
US,44178253,R27S8FBZY97JRK,0140088911,394767391,Money,Books,5,2,3,N,Y,"DIARY OF A  LOUT","Sure Martin drops the ball at the very, very end. But, until then, this is  \\""in my opinion\\"" the best, the funniest, the greatest celebration of pure loutishness every written. i lent it to a friend, he read it, and i asked him what he thought. his reply was simple and encapsulating; he responded, very matter-of-factly, \\""it's the Bible\\"".  i couldn't concur more. now, i'm not one to burst out laughing alone on the subway, but i couldn't help myself. if you have have never read Money, you're in for a treat. Like being a thirty-year-old virgin - lot to look forward to. i once described it as \\""Fear and Loathing in Las Vegas\\"" with a bit less drugs and a lot more sex. That one also caused me to laugh out loud. but, if you happen not to like it, don't let it discourage you from reading \\""Money\\"". it's more or less a totally different experience. it has everything: sexism, racism, alcoholism - what more could you ask for in a book! oh, as far as it being politically correct, it couldn't be further from it. - david",2008-07-12
US,43710135,REW6I9J4N49FU,0140088911,394767391,Money,Books,5,1,1,N,N,"A savage funny monologue","This is a novel written in the  early 80's  and is one long monologue about money and what chasing money, having money( and not having money) does to John Self the central character. He is a successful Ad director but at heart a fast talking East end boozing womaniser  addicted to fast food and porno. And if you still like him, he beats up women, tends to be a racist, and hates gays... and horror of horror smokes. But he does have a turbulent broth of family relationships to deal with!<br /><br />This could be an echo of real life as Martin Amis had a troubled relationship with his father Kingsley Amis. Who incidentally was critical of the device of having the author as a character in the story which allows Martin to take some sly digs at the pretensions of writers and writing.<br /><br />John Self meets a producer in New York and spins him a story based on his own life (drunkard father, two timing mother, time waster son) and is then embroiled in the nightmare of putting the money, script and casting together. He lurches between New York and London  loving money and suffering from excesses of drink, food and sex and looses girlfriend, friends and family along the way in a glorious buffoon way.<br /><br />As he tries to deal with actor's egos, money men demands and scripts he is also hounded by a stalker . Or is he?  We can only understand what john understands and as he is drinking several bottles of whiskies on week long benders he is a little hazy some times on the details. During the story we get to find out what the truth of his rise to the Money as well as family secrets and who cheats who.<br /><br />As the novel is set up to be a long suicide note you can sense the depths of his pain.  So is this a gloomy, slash your wrist Leonard Cohen fun feast?  No it's a very funny and savage satire on money, money and money and oh the film industry.  Normally, I dislike first person novels but I strongly recommended this one.",2008-02-01
US,33270278,R39PY8YMOLM51J,0970808143,85417835,Money,Books,1,7,11,N,Y,"Not Much Substance - Not Worth the Money","I just don't get these positive reviews, and I hate to break up the party.  At least with Schienfeld's \\""Busting Loose\\"" book, there was an attempt at explanation and an offering of some support for his interesting and provocative, if not utterly ridiculous, idea that we create by force of will our own reality.  What is sold as a book here is nothing more than a magazine article.",2007-12-29
US,14008726,R2O7LUGUWG4FAT,0099461889,394767391,Money,Books,4,5,5,N,N,"Money- the new face of  the British novel","Martin Amis's Money flies in the face of the nostalgic critic who would say that the best of British fiction is in the past.  This meta-fictional post modern styled novel not only subverts conventional novel structures but is also able at the same time to present social messages which were relevant to its initial 1980's audience and can still find relevance in the society of  readers today.<br /><br />Broadly, Amis's novel satirizes the boom of consumerism and excess experienced in the 1980's.  The central protagonist would-be-film maker John Self, rolls between London and New York, binging on cigarettes, alcohol, pornography, women, drugs and anything else that money can buy.  John Self's complete lack of self control or restraint can be seen as reflective of the political policies of Thatcher (and to an extent Regan) which were being implemented in England and America at this time, policies which assigned a fiscal value to everything and turned virtually anything into a saleable commodity, promoting capitalist values en masse with very little attention to the development of accompanying policies of social responsibility.<br /><br />Without revealing too much of the plot, Self eventually reaps the consequences of his lifestyle however it is not a social or moral lesson, Self does not develop, grow or undergo any kind of mental or emotional transformation, in moral essentials he leaves the novel, much as he entered it.  This lack of moral justice inflicted upon Self is arguably one of the major centres of dislike pitted against this novel.  Amis does not provide a social or (using the words of his father, realist author Kinglsey Amis) \\""human lesson.\\""  It presents the seamy, grimy underside of the epicentres of western (and capitalist) society but presents no exoneration or punishment for John Self or the societies which he populates.  The frustration of the reader in not seeing the protagonist regretful or even adequately reflective of his lifestyle seems to deny a perceived need of the novel to distribute and/or advocate for some kind of social justice or responsibility.<br /><br />Some critics (and even authors) of contemporary British literature suffer the belief that the 'hey-day' of English literature is passed, that nothing written in the present can possibly match that which was written in the past.  One reason attached to this negative opinion of current British literature is that it is unable to produce a 'state of the nation' style novel, that is a book which encompasses what DH Lawrence in 1956 described as \\""the whole man alive.\\""<br /><br />This is ultimately a flawed ideal though, as modern society is a highly complex beast- arguably much more so than the 1950's world in which Lawrence wrote his comment.  The expectation of a modern novel to be able to swallow the moral, ethical and social dilemmas faced each day by the modern citizen seems implausible and runs the risk of producing fiction which critic Nick Rennison describes as \\""dead on the page.\\""<br /><br />In Money, Amis seems to have disregarded these nostalgic, backward looking critics and instead of aiming for an all encompassing view of society he has set his satirical sights on a few principle social issues which were pertinent to his time.  The fact that his comments on the dangers of excessive consumerism, capitalism and the potential banality and emptiness of modern life are as relevant in 2007 as they were in 1984 is testament to the sharpness of his political and social awareness.<br /><br />Although the book centres around a self proclaimed 'yob' protagonist, the text is not lacking in sophistication, Martin's lush and innovative prose style and structure prove as much.  His constant references to highbrow literature seem to reinforce this idea.  For instance there is an underlying allegory to Shakespeare's Othello which underlies a great majority of the novel and Amis peppers the texts with the names of great writers, such as the pub named the Shakespeare, the characters Martina Twain and Fielding Goodney, as well as references to literary places such as Room 101 (from Orwell's 1984) which is also ironically, Self's hotel room.<br /><br />This novel is a high speed ride through modern life as seen through the eyes of perhaps one of its worst inhabitants.  It has a particular brand of satirical and ironic humour which is confronting, but also enlightening in terms of the ultimate message which the book is attempting to make.Martina Twain and Fielding Goodney, as well as references to literary places such as Room 101 (from Orwell's 1984) which is also ironically, Self's hotel room.  <br />This novel is a high speed ride through modern life as seen through the eyes of perhaps one of its worst inhabitants.  It has a particular brand of satirical and ironic humour which is confronting, but also enlightening in terms of the ultimate message which the book is attempting to make.  <br />",2007-06-29
US,22097702,R2ZHLM3IUC0DM5,0970808143,85417835,Money,Books,5,20,20,N,N,"I love this book","This book makes you think on how we often put a \\""condition\\"" on money to make us happy.  As if paper can empower us.  After the first, short and concise chapters, you're hooked.  It's a fast and simple read.  No 300 page book to plow through.  The message is simple...money is an expression of appreciation.  That's it in a nutshell.  Self appreciation and unconditionally loving ourselves and knowing where we hid our power and understanding why, will lift a burden off your shoulders/mind/heart.  It's deep and simple spiritual insight will cause you to slow down so you can allow yourself to remember who you really are.",2007-05-14
US,17205899,R2Q30ECRS3FMSM,0970808143,85417835,Money,Books,5,13,15,N,Y,"A deep understanding of appreciation","A simple quick read, deeply profound. I came to Arnold Patent through Robert Scheinfeld, and though Money is completely congruent with Scheinfeld's Busting Loose teachings, it teaches from a more spiritual way which is very useful for perspective.  <br /> <br />No matter what perspective you come from, this will be a beautiful and thought provoking read.",2007-05-09
US,51019867,R2ZDKS6T9TTGEN,0099461889,394767391,Money,Books,3,5,6,N,N,"I haven't finished the book","Great style of writing, but somehow the book lost me somewhere in the middle. It is about John Self, newly rich who burns his life and chases more money. Dialogues are funny, some parts of the novel are very entertaining. But unlike \\""London Fields\\"", which arouses more and more interest as the plot develops, \\""Money\\"" becomes repetitive and boring. At least for me.",2007-02-18
US,49056791,R1K3AKQ2W0MQWA,0140088911,394767391,Money,Books,5,49,50,N,N,"Stellar comic novel","Writing doesn't get any funnier than this. Readers who find deep vein humour in black, sexual comedy such as Portnoy's Complaint and (even blacker), Lolita, will revel in Money. The unreliable narrator, John Self is a brilliantly drawn character. Physically and emotionally repulsive, materialistic, a string of unwholesome vices - drugs, porn, fast food, dirty women and most of all money, and a stunning voice which is at one yobbish yet shamefully poetic.<br /><br />In fact, Martin Amis has declared this to be a voice novel. When form goes out the window and the voice takes over. Like Saul Bellow finding his broad, socially and intellectually panoramic style in The Adventures of Augie March, Amis finds the voice to skewer the absurditites of Western Urban Capitalism, and the disorientated place of the modern male within the system. Money contains so many of the classic Amis riffs and set pieces - the tennis match, the dinner party, the brothel visits, the porn shows - as John Self is put through one humiliation after another in his pursuit of Mammon. The comic detail is stunning. There are so many exquisite phrases. Amis learns from another of his major literary heroes, Nabokov, and distorts the aesthetic, baroque high style into a low life screamer of a book. Marvellous.",2006-10-11
US,51140089,R187VKSD9K8C9,0140088911,394767391,Money,Books,4,6,6,N,N,"quirky fun","Martin Amis's Money is a stumbling, swirling, sodden romp though the protagonist's brain.  As anti-hero John Self bounces back and forth between London and New York, pursuing a questionable movie deal, he spins the hilarious tale of his drunken, pornographic life.<br /><br />Comparison's to Kinglsey Amis's Lucky Jim are inevitable, as both are comic novels dealing with sad-sack, affable drunks. Where Lucky Jim is charming, with likable characters and a coherent plot, Money is chaotic, with abrasive characters and a shaggy, almost stream-of-conscience plot line. Money is also a little longer than it needs to be (it gets repetitive) and uses a few post-modern tricks that are too cheeky for my taste (Martin Amis is a character, for example). But what makes Money worth reading is that it is funny. Sometimes it is laugh-out-loud funny. That, and the feeling that John Self isn't quite the ogre he makes himself out to be, keeps the pages turning.",2006-10-11
US,36239120,R1N6WK178KNDV7,0140088911,394767391,Money,Books,4,2,2,N,N,"Amis' Best","Perhaps the best of Martin Amis' novels; he seems to have been struggling to reinvent himself - with highly variable levels of success - in the years since.<br /><br />MONEY takes Amis' sense of satirical humor to its' extreme - this is one of the funniest novels I think I've ever read, but also one of the meanest:  the satire of certain values that were allowed to bubble to the surface during the 1980s is a tad dated, but here it's also ruthless, merciless, comedy as a weapon in some greater scorched-earth war of values.  Amis in some ways also satirizes certain of his contemporaries' attempts at doing the same - if lesser works like LESS THAN ZERO, BRIGHT LIGHTS BIG CITY, or the Didion that influenced such works seem dated by now, MONEY is a full-on assault upon the style, with Amis' extremely detailed writing standing in sharp contrast with the general wispiness that was then the fashion in literary circles.<br /><br />Amis almost overdoes it - the humor is the main thing to pull you through this ingenious novel, as none of the characters are likable in the slightest.  But - as comedy and as a technical achievement - it is very impressive, sort of a 'Taxi Driver'-with laughs (and money).<br /><br />-David Alston",2006-09-17
US,44728860,R84OU982ABLT3,0140088911,394767391,Money,Books,4,6,6,N,Y,"It is an alluring dream, is it not?","John Self, named such by Amis to represent all of humanity, is a man whose world is controlled by money and sex. Afraid of what life might bring him if he freed himself from his addictions, he succumbs instead to the mantra that just a little more money will fix your problems, that it seems to be working for everyone else so it will work for you too. Like all members of a capitalist system about which Amis seems to be prophesying, Self believes deep down that once he hits the money, his problems will disappear, his obesity, his loneliness, his addictions, and all the rest.<br /><br />The problem is he already has the money. He has had the money, spent the money, and still has the money. Money is not the issue. The mindset of the people in his world is that if he would \\""relax, . . . sink a couple of thou into [his] backhand, . . . quit smoking, drink less, eat right . . . go to high-priced health clubs and fancy massage studios . . . undergo a series of long, painful and expensive operations\\"" then he (and you, the universal Mr. Self) will be ready for success in today's society. It is an alluring dream, is it not?<br /><br />Reviewed by Jonathan Stephens",2006-09-06
US,27226251,R3ADC5JYDBX7DL,0140088911,394767391,Money,Books,4,2,2,N,N,"Wickid Satire","Fabulously entertaining novel from Martin Amis which easily eclipses the rather depressing `Information.' John Self is a blatantly materialistic hedonist who works as a profitable director of commercials. He is an alcoholic, a misogynist, and a microcosm of mainstream American culture in the 1980's. John has also landed a gig directing a feature film, titled `Good Money,' and `Bad Money,' depending on what day of the week it is. Amis' writing is mordantly brilliant; both acerbic and biting. There are transactions in here that I just love, such as John's stinging interactions with his girlfriend Selina:<br /><br />\\"" `I've just gone off sex,' said Selina this morning, as she finished the tea I fondly brought her.<br /><br />`So?' I asked her.<br /><br />`God, be nice. Use your imagination. It'll pass. I've just gone off sex.'<br /><br />Then what do you think is the point of you? I wanted to say. But I didn't. I resisted the temptation. I looked into the proud drama of her face, the valves and orbits of her throat, the wetlook runnels of her hair, the breasts, heavier than ever, solidly mounted on the ribcage, the naked slopes of the belly, the sudden flaring of the hips, a smell of sleep.<br /><br />`Then what do you think is the point of you?'<br /><br />`You', she said, `are unreal' (226).<br /><br />You should read Amis for his remarkable power of description, his talent for black comedy and middle-aged disillusionment. Pay little heed to his flights into post-modernity, they are merely exercises in literary chic.",2006-08-10
US,49263512,R1EIKJRCS93DP3,0140088911,394767391,Money,Books,2,0,8,N,Y,"repetitive and shallow","It is seldom that I leave a book without having finished it. It seemed to me to be extremely repetitive. John Self is (ha ha) an egotist advertisement-director Britishman who travels to the US to negotiate his first major film. An alcoholic and drug-addict, Self lives obssesed with a woman who cheats on him on a permanent basis. He gets drunk so many times it stops being funny. Amis can write and has a good sense of humor, but the story goes nowhere. Maybe other books by him are better.",2006-08-02
US,19665961,R1F3ZGAAD1KOJM,0140088911,394767391,Money,Books,3,5,9,N,N,"Post-Modernism for Its Own Sake","Amis's \\""Money\\"" has one major strength and two major weaknesses.  The strength is that it is extremely funny at times--it's one of the very few books that have caused me to laugh out loud.  Unfortunately, 1) It drags in the middle.  The book would've been better if the middle hundred pages had been condensed into about ten or fifteen.  And, 2) the postmodern element, which unfolds toward the end (and which I won't describe in any detail, in order not to give things away), comes across as tacked-on, overly clever, and even an affront to the reader.  If you like postmodern musings on the relationship between subject and object (the writer and the things and people he/she writes about), read Paul Auster's \\""The New York Trilogy\\"", where this postmodern theme comes through with care and excellent craftsmanship.  For Amis, it's just something to tack on in order to seem clever and \\""with it\\"".  (His interviews corroborate that he's much more interested in winning awards and seeming intelligent than in providing a pleasurable reading experience.) <br /> <br />This is a good book to read if you're an aspiring writer; it showcases a talented writer making mistakes.  Better to learn from the mistakes of others than your own mistakes, wherever possible!",2006-03-06
US,13765301,R16ZZZ2YPQGW73,0140088911,394767391,Money,Books,4,2,4,N,N,"i  actually laughed--which is high praise from me","the book you finish reading turns out to be NOT the book you read. Beware. Very clever yet not contrived.",2006-01-16
US,38814108,R2A9HQ2ADKCB1C,0970808143,85417835,Money,Books,5,42,43,N,N,"MONEY - It's not what you think","For those unfamiliar with the teachings of Arnold Patent, prepare yourselves for the welcomed shock of a lifetime when you read MONEY. For those already familiar with Arnold, brace yourselves, too. MONEY will challenge what even you might expect from Arnold.  <br /> <br />Either way, MONEY is required reading for anyone whose life is at all influenced by money and the money game as we've come to know it. MONEY lays bare the hidden truth about money. And the truth will surprise you. <br /> <br />MONEY does not provide a new 5-step, 7-step, 12-step or take-your-pick-step approach to increasing cash flow or the size of your bank account. It's not a self-help guide to get rich quick or get out of debt. It doesn't reveal investment secrets. It doesn't offer clever strategies for managing your money. There are no success stories of the rich and famous to emulate. <br /> <br />MONEY takes what we think we have always known about money and opens the portal to a broader awareness. This broader awareness shows us that our tacit beliefs about money and its purpose are really beautifully crafted disguises for the true meaning, value, and purpose of money. <br /> <br />Embracing what Arnold Patent has to say in MONEY requires a steadfast commitment to blind trust. The objective world belies much of what he shares with us in MONEY. As someone who has come to know Arnold Patent through his loving support during my own extreme financial hardships and related \\""money issues\\"" I can tell you, unequivocally, you can trust Arnold Patent. Arnold walks his talk. Arnold's words will be with you in unconditional support when you choose to commit to trust what Arnold Patent shares with us all in MONEY. <br />",2005-12-21
US,52320422,R3D9KO04BGFDQA,0140088911,394767391,Money,Books,5,4,4,N,N,"Impossible to beat","To paraphrase that great American hero, Tony Soprano, if there are any flies on Martin Amis, they're paying rent - at least with respect to this novel. <br /> <br />I can't praise it enough...enconiums (enconia?)  like \\""best novel of the 80's\\"" (it is, by the way), \\""scathing treatise on the dehumanizing effects of money and fame\\"" (true too) don't do it justice...It's just aburdly entertaining, start to finish, and Amis makes all of his extremely cogent points through the tragicomic exploits of our hero, John Self...It's like listening to some jazz immortal, like your Coltrane, your Miles, at their peak...Amis is completely in the pocket: every joke hits, every wicked truth makes you wince...he's completely \\""in the pocket\\""... <br /> <br />I even agree, I think, for once with that armpit sniffing nerd, GM, though I couldn't tell you what trainspotting, onanistic nonsense he's blathering on about. I'm guessing he actually understands the star system and was trying to convey approval...",2005-12-01
US,49669291,R1CQSFCHWCX0OL,0140088911,394767391,Money,Books,4,1,3,N,Y,"Don't quit this book halfway through","After the first few chapters, I really started to dislike this book. The lead character is loathsome, the plot contains some really twisted moments, and the language is a bit more flowery than I normally prefer. However, like the title of my review says, STICK WITH THIS BOOK - it is worth it in the end. John Self (the hero/anti-hero of the novel) really started to grow on me. I actually began to sympathise with him and care what happens. While this was my first Amis novel, I doubt it will be my last. <br />",2005-08-29
US,35845389,R1Q7QQMQK49XWB,0970808143,85417835,Money,Books,5,23,24,N,N,"Money","If you have ever wondered why you were still not enjoying the abundance everyone claims is yours, this book will reveal why you are still possibly setting  some conditions that are not helpful. You would know this man has walked in the zone of struggle and come out on the other side. A super understandable book.  Great!",2005-07-20
US,32559636,RNZB0P3EHFQXO,0140088911,394767391,Money,Books,5,1,4,N,N,"I prefer premonitional to premonitory","From MONEY by Martin Amis: \\""With a premonitory rustle of shopping Selina hurried in through the front door.\\""    From BRANDO by Peter Manso: \\""Cornfield had envisioned the film as a premonitional dream about the kidnapping of the heiress.\\""    MONEY also contains a joke about unprovoked contradictionism: \\""When Vron had sobbed it all out after showing her prospective stepson photographs of herself having a handjob with no clothes on for money, she explained to me--at throaty length and with hot tears still foiling the points of her lashes--that she had *always* been creative. 'I was *always* creative John!' she said again and again, as if I kept impiously insisting that she was creative only sometimes or not until recently.\\""    Compare that bit of characterological comedy with the following quote from an Amis atrocity called YELLOW DOG: \\""'*Perfectly* decent little place', said the King as he strode through the mountain tunnel of the Abbey archway--saying it as if Brendan and Victoria, and everyone else, kept maintaining otherwise, in tireless error.\\""",2005-04-24
US,52428710,R1LND7QJREOPOI,0140088911,394767391,Money,Books,3,2,6,N,N,"Entertaining, but it goes on too long","The strangest thing about this novel is that it rips off Brian De Palma's awful film 'Dressed to Kill'--a film which Amis himself mocked in an early 80s magazine article.  Amis can write a sentence with the very best of them, but can't construct a plot to save his life.  Certainly worth reading, however.",2005-04-08
US,14036438,R321GZNTBPMRRF,0140088911,394767391,Money,Books,5,0,10,N,N,"What?","Is this all about money? Money, so they say, is the root of all evil today?",2005-04-07
US,22911881,RN061KALVKD89,0140088911,394767391,Money,Books,2,5,10,N,N,"A novel of ""Self""- loathing and room service","Marin Amis has said that writing comes easily to him, and he is undoubtedly a wordsmith.  One who likes a wonderfully spun phrase, metaphor, or description (and probably already an Amis fan) is going to love this book.  One who is more of a tradtional reader, who is interested in a unique insight, an engaging story, and affecting characters will be left shrugging their shoulders.  I am the latter.      The plot follows film producer John Self on his travels between NY and London; and we get to watch all of the room service, hangovers, women, and money that make up those travels.  Like all tales of 80's greed; money, alcohol, drugs, and sex are unfulfilling; but it is those things that the charcters continue to turn to.  Self narrates the novel and it is he that reflects on this lifestyle.  Thus, the novel is quite literally filled with \\""Self\\"" loathing.  Self says, \\""Money, I must put money round me, more money, soon.  I must be safe.\\""   But the strip clubs and hangovers are more boring than seedy (the shortcoming about which I was most surprised), and Self is more pathetic than anything.         I don't think that there is any pretence of this being a plot driven novel, so I won't waste any criticism here.  The novel relies on Amis' pen, but it can be surprisingly dull.  Even the passages I enjoyed, and there were many, were more clever than insightful.  But his cleverness is overextendedand thus, he has moments where he is reduced to describing Self's moral make-up in a way that a teen-angst rock band might.  \\""I am made of - junk, I'm just junk\\"" would fit nicely into any Korn song.       By the end of the novel, his moral weakness has not been overcome.  Rather, Self is exhausted.  He predictable ruins an opportunity of having a real relationship and settles for another with no enthusiasm.  An so, too, the novel ends with no energy, despite a few bits of ecstatic prose.    Maybe the this book is a victim of a theme that has been exploited and exhausted in a number of books and films; namely, the excess of the 1980s.  But if this was a great book, it would stand apart from the others, it would sound unique.  It does not, and I will forget it.  About midway through the novel, Self, as the narrator, states, \\""Points of a journey do not matter when the journey has no destination, only and end.\\""  An ironic insight, indeed.  There is no change, no destination, only exhaustion as an end. Thus, \\""Money\\"" doesn't matter.",2005-03-13
US,18730064,R2DQDX1OXL6INC,0140088911,394767391,Money,Books,5,1,5,N,N,"money","this is a great book, immensely well written.  but trust me, that after you read enough of martin amis, you should get sick of martin amis---of the personality style and construction of his writing: the man comes through.  and that man is excessively showy, deluded, and obsessed with matters of little consequence.  or it least it so appears.  i'd like to read depressing writing, at least, with more consequence.",2004-10-01
US,39423614,RAB9RUMM2EYT,0140088911,394767391,Money,Books,5,5,5,N,N,"""Degenerate Hedonism With a Twist Please!""","Close your eyes, now imagine morning rush hour in New York City, or for those of you who are the night owls of this world, an anticipated evening out in the \\""Big Apple\\"", are you there yet? Ha! ... energizing isn't it! That is the tone of this read, pure energy! And Amis does a fantastic job of bringing the ambiance of the New York life style to light when his protagonist John Self takes a bite out of it. You'll walk it, eat it, breathe it, experience it as you read along, this I guarantee.  Now let's board a flight and cross the pond to London. We're not going to hang in the city here, but retreat to a modest little flat, \\""home sweet home\\"" aaaaah! Surrounded by friends, family, familiarities, your safe haven, and take respite here. Its comfort is like a warm duvet on a chilly damp and rainy day. Mr. Amis' brilliantly painted contrasts fill the book throughout giving you that wonderful feeling of traveling to the exotic and then returning home again. And believe me, you'll appreciate the break!     Martin Amis has not only written one of the most powerful narrative voices to be laid to page in this book, but has pulled off the most unbelievable finish to this saga!  My jaw dropped, eyes widened, and I found myself calling a friend to say, \\"" You are never gonna believe this!!!\\"" No, no, no, I'm not going to spoil that bit for you, it's absolutely too wild! Applause Mr. Amis, thunderous applause!    His first person narrator John Self speaks directly to the reader and draws you right into this story, through which an intimate relationship begins to grow with the characters, that transposes this fictional writing into unbelievable realism. The \\""Verbal Energy\\"" truly dominates the prose throughout this book, as Amis' vast knowledge of the English language continually feeds you platefuls of sonorous articulation. You'll be totally stuffed, but still craving more, one of the reasons I found it so hard to put this book down.     Now if you take a self centered, low life, yes, Mr. John Self, and throw him together with a group of sordid swindlers ... friends, family, lovers, and colleagues, you'll have the guts of Money. But it's the interaction and trickery that Amis has woven between all that makes this book, everything but a \\""Fiasco\\"".     Now Self, the deplorable anti-hero of this tale, is an abusive, over weight, money loving, blackout drinker, chain smoking, sex seeking, pornography aficionado, that goes through life on the take. But believe me, you are going to find yourself sympathetic towards him as this story unfolds, and you won't know at exactly what point he gained your support. Perhaps when he's gifted the book and begins to read does he begin to see a bit of worth in himself. Hmmm ...    Interestingly enough are the characters of John Self, Martina Twain, and \\""Martin Amis\\"" Yes, Martin has even written himself into this story. But more so you'll find that the \\""real\\"" Mr. Amis lives and breathes in this tale to a greater degree. John \\""Self\\"", is ridden with a dodgy tooth that's mentioned throughout the book, (see Experience A Memoir by Martin Amis) \\""Martina\\"", well educated and cultured (well is that not Martin Amis? Drop the \\""a\\"" from the characters name and what do you have?), and \\""Martin Amis\\"" himself the real life author, and also, as the hired screenwriter for Self's film Bad Money (check out who wrote the screen play for Saturn Five). Not to mention the suicide note addressed to \\""Antonia\\"" in this story, Amis's first wife. All of the fore mentioned are truths in the real life of Martin Amis. These are just a few of the overt. There are even more shadows lurking deeper within the characters and events, which makes this read even more intriguing!    I thoroughly enjoyed this one! I can, and do, recommend this book highly! What a ride!!",2004-08-15
US,44523447,R3RIHCSNH7AYLV,0140088911,394767391,Money,Books,5,42,46,N,N,"&quot;I have money but I can't control it.&quot;","Money.  It makes the world go 'round, and that's the problem.  It seems the Earth's spinning on its axis has less to do with physics and more to do with those who don't have money chasing those who have it.  And novelist/satirist Martin Amis cashes in on the corrupting influence of currency with his delightfully savage book, MONEY.<br />Director John Self is a self-admitted loser.  There's not much to like about him:  he smokes too much, drinks too much--he's an irresponsible buffoon with an addiction to porn and prostitutes.  But he's got money, and as he waits for the financing of his next film to come together, he makes London and New York his sinful playgrounds.  Leapfrogging back and forth across the pond, he leaves a shambled trail of self-destruction in his wake.  Over the course of his bizarre journey, John shares his thoughts and philosophy on the intricacies of life:  Life according to John Self, a drunken bugger with money.  In fact, the story happily plays a second fiddle to John's reflections, and John's reflections carry the story from one zany mishap to the next.<br />Amis is sheer genius.  He writes with a demented pomposity--a politically incorrect finger-in-your-eye--that has the reader laughing one moment, cringing the next.  With a clever tongue-in-cheek device to show nothing is sacred, he even inserts himself into the story.  It's fascinating reading, as Amis allows his protagonist's thoughts to wander all over the dysfunctional map of human corruption (often within the same paragraph).  MONEY is a triumphant satire that blasts away at our consumer culture and reveals our fragile human foibles.  It is the type of book I wish I had the backbone to write.<br />--D. Mikels, Author, WALK-ON",2004-06-30
US,22205541,R3VRSCZU8LPMUG,0140088911,394767391,Money,Books,5,9,9,N,N,"A Big Bim!","This book contains one of the finest first-person narratives ever written. Coarse and chummy, fretful and alcoholic, the narrator is a Studebaker-sized beast of a man who skates to his ruin on too much booze, bad credit and pornography. Reading this book is like watching a rampaging circus elephant get shot in mid-city traffic, sink slowly to its knees and die.",2003-12-21
US,52189073,RTIXOV0CPFPMV,0140088911,394767391,Money,Books,5,3,3,N,N,"Brilliant Narrative Voice, ""High Speed"" Pace","\\""Money\\"" mesmerized me. With his character John Self, Martin Amis has created one of the most memorable narrative voices ever in literature. While the content differs radically, I would compare the power of the narrative voice to that of \\""David Copperfield\\"" or \\""Moby Dick.\\"" You live the book as well as read it. <br />John Self, an English director of commercials, is embarking on a career in the movies. The time is 1981. Self compulsively pursues several simple needs: the need for sex (in a number of different forms), alcohol, drugs at times, companionship, and most of all, money. In these pursuits, he ricochets back and forth from london to New York, from the uptown NYC to downtown, east side to west side and so on. This book is not about the \\""High Life\\""--rather about how a lot of money can buy you the \\""low life.\\"" <BR>Through Self's inebriated or hungover eyes, you see a lot of interesting characters. All have one thing in common: money. His \\""girlfriend\\"" in London, Selina, cuckolds him for a wealthier man.His \\""alter ego\\"" Martin Amis will write for him but for a price. His New York friend, Martina Twain,is married to a wealthy man. <BR>Amis wrote this in book in the early 1980's. He accomplished an amazing feat: he showed how the sexual and drug excesses of the 60's and 70's morphed into the materialistic excesses of the 1980's. And he did this at the start of the decade-not the end of it.<BR>Oh there are a few dated moments-but they only add flavor to the book. In the midst of Self's pursuit of hedonistic pleasure, he contrasts his \\""evil\\"" with the purity of the royal wedding of Charles and Diana, which took place in July, 1981.  It's worth a few laughs.<BR>I can't say enough about the power of the narrative voice. You feel drunk. You feel hungover. You feel as if you're in the apartment of the seedy movie star who tapes her sexual encounters. It's quite a tour de force.<BR>I would recommend this book to those who like modern literature,particularly of an English provenance. One note:this book is raw and coarse. It is not for the easily offended. But if you can handle the language and situations, you're in for an amazing ride.",2003-11-18
US,52562548,R2DDOSWBGJ9XC3,0140088911,394767391,Money,Books,5,3,4,N,Y,"Hilarious, Risky, Bawdy, Brilliant","In \\""Money\\"", Martin Amis shows us John Self, a director of TV commercials who is moving up professionally to direct his first movie. The producer of this movie, Fielding Goodney, treats John as THE key player in the deal, despite John's serious drinking problem and his continuing embarrassing and bawdy misbehavior. Until the book's final section, John lives this crazy can't-be-real opportunity, with hilarious Hollywood-style production problems and apparently limitless funding.<br />In reading this novel, I kept wondering how Self's producer could overlook-even encourage-his personal shenanigans, which would obviously undermine a movie project in the real world. But in the last section of \\""Money\\"", Amis explains, as he shifts his focus from John Self's hilarious debauchery to plot analysis. Then, a character named Martin Amis, a writer brought on board to salvage a disastrous script, unravels the mystery and reveals the true dynamic of John Self and Fielding Goodney. At the book's end, the achievement of Martin Amis, the author, is clear. He has written a brilliant, entertaining, risky novel, telling a funny and implausible story that ultimately makes perfect sense. Bravo!",2003-06-25
US,39155412,R1BFTW7I9U0ON1,0140088911,394767391,Money,Books,5,3,3,N,N,"Hilarious social satire","This is the kind of novel Ilive for: intelligent and insightful, as well as being laugh out loud funny. John Self, the novel's narrator,lives a life of sheer, unadulterated decadence, jetting back and forth between New York and London (although the two cities merge over the course of the novel into a single depraved whole), attempting to put a film together, dealing with highly strung movie star charicatures, and all the while feeding his insatiable desire for junk food, alchohol, pornography and drugs.<br />What makes this novel work isn't the convoluted and sprawling story: it is the portrait drawn of nineteen eighties culture, the numerous and delightfully subtle jokes (Self drives an Italian car called a 'Fiasco', radically misinterprets Othello and various other incidents) and the worldview of Self himself who seems to serve as apair of eyes through which to satirize the decade and its attendent lifestlye trappings, never realizing that he himself epitomises all that is decadent and extraneous to the culture he inhabits.<br />Apart from Self, the other characters are less memorable, though no less humorous. Amis even incorporates a version of himself in the novel, symbolically taking a hand in the development (or not)of Self's movie project, and manipulating Self for his own ends in a similar fashion to most characters he meets. Perhaps the funniest thing about this novel is the way amis subjects Selfto so much humiliation and indignity: almosty as if  amis attacks Eighties culture via satirising and bringing low Self.<br />This is a memorable and rewarding piece of work. Both as a comedy and as a aocial document it succeeds: although explicit scenes of sex and violence may put some off: be warned.<br />On the whole though a fantastic read for the thoughful and open minded reader.",2003-06-23
US,40640552,R159PIDUJRW7GP,0140088911,394767391,Money,Books,2,7,14,N,N,"Good and Shallow Comic Book, LOL.","I read this book a year ago and chuckled all the way through it. John Self, the protagonist, is a caricature of a senseless, ignorant, materialistic, depraved, pseudo, arrogant,oportunistic man of the yuppie &quot;rat-race&quot; early 80's. Ruthless, narcisistic, naive egotist, out to get the money for himself. He is also the narrator of this novel, taking the reader on a rough ride along him, in London and N.Y., and also within his chaotic, fragmentary and unruly mind and existence. <br />From what I've read in the previous reviews there seems to be a dichotomy of opinion: some people praise Amis work as genius and others consider it, to put it mildly, a waste of paper.<br />My view, for this novel in particular, lies somewhere in the middle. This novel has indeed no substance, and it is completely pointless. (The allusions to Othello are by the way ludicrous or at least to far fetched, and even if this was one of the books aims it seems very pretentious an aim to me.) You 'll find no worthy social commentary in here, except for the obvious and thin satire of materialist culture and early 80's excesses. Moreover you should be warned that the protagonist, as made clear from what i've written above, is in no way likeable and does not evolve any feelings of empathy from the reader's part, you might pity him or laugh at him at certain parts of the book, and I would wager this the way the author views his character as well. Now, some have said that soaking the reader up in depravity and ignorance is Amis's way of creating the opposite effect and demonstrating the emptyness of the whole early 80's yuppie scene. I 'd have to disagree on that. It is like saying that if i disapprove of something i would sit down and write a 500 page payan, a litany of it. Not so.  <br />That said it's just one the funniest novels i've ever read, and if you do not expect much out of it then you can sit back and enjoy the mock humour, the parody, and the hyperboly of the whole construct, reading it in snippets of a few pages since neither the thoughts of John Self nor the structure of the book have any sort of coherency. You can also laugh at the author of the novel for choosing to cast himself in two roles in his story, as himself Martin Amis in London, and on the other side as the would-be-saviour of Self's life Martina Twain (or could this be Marc Twain transvestite?), to add a postmodern (or something) edge to the whole ensemble, or for whatever other reason.<br />So, two stars for making me laugh. All style, no substance as usual with Amis books, but I believe this one is the best he ever wrote, or wil write. Give it a go, and if you put it down because of the racism and misogyny and Self-loathing then you won't be in for the laugh.",2001-12-12
US,50267916,R20SPL9FXHRK0I,0140088911,394767391,Money,Books,5,1,2,N,N,"Brilliant","What can you say.  A high octane trip through the mad money-crazed world of the 1980s.  Everyone's out for themselves, not giving a monkey's for anything, anyone or even themselves.  And then comes the big payback when the whole thing's a cynical lie and you're nothing more than a little fish trying not to get eaten.  It's a real world version of the US film, The Trueman Show - except no children would ever be allowed to watch and everyone is a loser.<br />Five stars, just for the swearing.",2001-11-17
US,44065973,R37KQVIWXWH84A,0140088911,394767391,Money,Books,4,1,1,N,N,"Good read.","Amis has often written about the ego of the literary author, and here he creates the greatest challenge to his own ego: a novel that takes place entirely within the thoughts and actions of a main character, John Self, that is truly despicable, and without redemption.  How can a book be readable when its protagonist is such a louse? Other readers have complained that Self`s excesses, including his attempted rape of his girlfriend, detract from the humor.  They don`t get it: Amis has made a compelling novel about a character that has zero redeeming value; he has dragged the reader through 400 some pages of the thoughts and repetitive excessess of a character he/she hates.  This is truly extraordinary.<br />As if this wasn`t enough, Amis injects himself into the narrative, offering literary theory which acts as the authors elbow jab to the chops. Is the author morally resonsible for his characters?  Amis should hope not. Great book.",2001-09-30
US,51240425,R3NTLJLI7W6N5P,0140088911,394767391,Money,Books,2,4,9,N,N,"sketch w/o substance","Like the other reviewers, I share an admiration for Amis' prose, creativity, and wit; unlike many others, however, I thought the book was pure, self-indulgent (no pun intended)..., a work of brilliant creativity, but lacking utterly in substance or thought. Beyond an amusing character sketch, it has no plot, says nothing new, and adds nothing beyond (still another) caricature of 80s materialism. After the first 100 pages, I could have skipped the remaining 250 -- same stuff repackaged, variations on a theme that, however creative, becomes a bore when it hits you that the book is not going anywhere.",2001-06-20
US,52774612,R2RPPRVM2F3BC,0140088911,394767391,Money,Books,5,2,3,N,N,"Show me the Money","&quot;Money. A Suicide Note&quot; is the incredible,  destruction of a person. John Self, is the purveyor of ''controversial TV ads for smoking, drinking, junk food and nude magazines.'' He doesn't just Self-destruct, it's like an unthinkable train wreck. Self's car is a Fiasco, Amis uses his own creative names for cars.  Amis illustrates with slick unmatched syntax, just what money does to a man. One theme leads the reader to believe that the rich are soiled kings. I oftentimes like Amis more for the way in which he says things, the lyrical quality of the writing . In &quot;Money&quot; I love his lyrics and  the themes the book deals with. You find yourself amazed at how an author can so densely pack prose with lyricism and literary meaning. &quot;Money&quot; is not a novel for in between bus stops or subway stations. If you read it in stops and starts, you'll just get frustrated and eventually want to put it aside (in fact, Amis' father Kingsley admits to not being able to get through Martin's work!). If you want a funny, smart read then tell ...(the website) to &quot;Show Me the Money&quot;, ... sorry couldn't resist.",2001-06-02
US,50920667,R1CI2XER9CYVPP,0140088911,394767391,Money,Books,4,0,0,N,N,"PIG OUT!","This book was great, it's depravity defined.  Just when you think a man can't stoop lower in life, the John Self (the name is fitting) amazes you at how low he can go.  Highly recommended for those with too much &quot;money&quot; in their pockets...and a small moral lesson that follows with it.",2001-05-21
US,44134907,RXRJNHMMFKNSC,0140088911,394767391,Money,Books,5,2,2,N,N,"A disturbing account of 80's (or any time) excess!","&quot;I roar down the street, harnessing the power of my gleaming Fiasco!&quot;<br />Martin Amis is hilarious.  But he is also somewhat disturbing.  Never before have I read an author that has exposed the glaring underbelly of society quite so effiecently as Martin Amis does in Money. <br />This is the story of a British film director that comes to the US to shoot his first feature.  But along the way, he meets all sorts of crazies (Lorne Guyland being the funniest) and convinces them to star in his movie with the help of his sidekick Fielding Goodney.  This entire process, however, becomes a harrowing experience as he drowns himself in booze, drugs, prostitutes, food, and all other excesses afforded by good money.  In the end, he starts to loose the battle and sobers up to the startling fact that he may be better off without money, or as it says in the story &quot;...he wasn't built for money...&quot;<br />The writing itseld is witty and full of irony.  Overall a great read, but one that may potentially be disturbing to some.",2001-05-02
US,50667536,R15VR4VHVWC9B,0140088911,394767391,Money,Books,4,3,5,N,N,"a wild ride through 1980s excess","'Money' is a curious and often wickedly funny tale of a British/American 35 y.o. slob who gets &quot;his money for nothing and chicks for free&quot; (..well, usually for free).  The humour is crude, along the lines of what is found in the 'Men Behaving Badly' sitcom.  And while the story gets a bit repetitive, with scenes constantly switching between London and New York, Martin Amis wraps it up with a clever and unexpected ending.<br />My only complaint with this generally well-written novel is its sporadic lapse into rather offensive material as a guise for humour.  There is one scene where the main character repeatedly attempts (and fails) to rape his girlfriend.  Funny? ...er, no.<br />But overall 'Money' is a fun read.  It will probably appeal to men, more the Brits than Americans.  I can imagine most women will find it offensive.  And parents, don't let kids under 16 get near this book.",2001-04-13
US,52318549,R269HQ5LDT2WFS,0140088911,394767391,Money,Books,5,2,2,N,N,"Very dark, and very funny","Money is a helter-skelter ride through a seedy world that both feeds and is fed by a desire for money.<br />Greed kills, but only when it is feeling kind.<br />The rest of the time, greed plays with you like a puppet on a string, making the victim dance to an intoxicating rhythm.<br />John Self is a despicable character, but is very easy to love.  He represents the ignorant, arrogant, selfish hedonist that is inside all of us to some degree.<br />His narrative is a drug fuelled tirade against anyone and anything that doesnt suit his own needs.  A mockery of his own greed - Self knows he is immoral, but just doesnt care right now.<br />To read Money is to be a voyeur into a life that is both attractive and repulsive...<br />and very entertaining!",2001-01-12
US,52968018,R36Y5R5CWLUBFK,0140088911,394767391,Money,Books,1,4,15,N,Y,"Disappointing","I loved London Fields, thought it was absolutely brilliant, so based on the ratings here picked up Money. It was entertaining for the first quarter of the book then really fell apart. I must admit I never finished it, I couldn't stand it anymore. I ran out of any empathy for the main character (in fact I began to hate him) and when M.A. inserts himself into the storyline it was too corny to handle. Pass on this one.",2001-01-03
US,52535806,RYSASNU3ZFOIP,0140088911,394767391,Money,Books,4,13,16,N,N,"Great Writing, Nasty Humor, Dark Nihilism","This is the first Amis I have read, although I know of as many people who  love him as who hate him.  There seems to be little middle ground with  regard to Amis, and after reading this dense, maddening, brilliant,  depressing little book, I can see why.<br />The writing is breathtaking,  simply breathtaking.  Over and over I was brought up sharp by incredible  descriptions, especially the startling juxtapositions that can only be  described as poetry.  Consider: &quot;I strode through the meat eating  genies of subway breath....I felt all the contention, the democracy, all  the italics, in the air.&quot;  Ah, this is New York.<br />The prose is snappy  and tough, the dialogue crisp and true, like Chandler rippling through  self-deprecating angst by way of John Coover.  And Amis's observations of  the morally demented side of human nature are hysterical, wry, biting, and  too damn close for comfort.<br />By placing you inside the weak, repugnant,  rapacious mind of John Self as the whining narrator, Amis manages to bury  you in Self's self-pity while you try to recoil and distance yourself from  his debauchment.  You have to identify with Self if only because he is the  narrator, but you hate the sound of Self in yourself.<br />The book is more  literary than it appears at first blush--note the more and more obvious  allusions and references to Othello, although Self is no where near as  noble in spirit as the betrayed Moor.  No one sets up John Self but John  Self--there is no Iago, other than his own greed, callowness, and inability  to take charge of his own humanity.<br />If I have any gripe with the story,  it is that there are some things that are not well explored or fleshed out.   There is a hint of unresolved sexual identity at the end--is Georgina  really just a large woman, or a transsexual?  Did Self give in to some  nascent homosexual urges sprinkled throughout the story?  Does Self exist  at the end, or is this all merely a figment of Martin Amis's  imagination--the Martin Amis who appears as a character in the novel, and  who actually becomes a major player in this drama near the end.  Amis  teases us, especially with the frontpiece, but does not give enough to  really go on.  And he sets up Self as such a weak character with no insight  that it is almost unfair.<br />All in all, a tour de force of writing in  service of a thoroughly depressing and disturbing story of moral and  psychological dissolution.  There is no character in this book to like, no  one to identify with, and if you need to have a positive resolution or a  character to make you feel good, avoid this like the plague.  However, if  you like great writing, nasty humor, standoffish irony, and dark nihilism,  Money is for you.",2000-09-05
US,52873374,R27C3U7ZTFG5C2,0140088911,394767391,Money,Books,5,3,3,N,N,"If you loved or hated the 80s...","&quot;Money&quot; is above all a book of scintillating intelligence. I've  never read anything as clever as this, sentence for sentence. I don't mean  that it's &quot;deep&quot; or &quot;philosophical&quot; - though I suppose  it is - just that the use of language is astonishing and the wit of the  words will keep you entranced through the rather unpleasant adventures of  the narrator, John Self (subtle, huh?). It has the best jokes, the best  insults, the best made-up names for automobiles, and the best descriptions  of alcohol and cigarretes in contemporary fiction. Best line: &quot;Unless  I explicitly tell you otherwise, I am _always_ lighting another  cigarette.&quot; Even if you loathe the central character - though how you  can fail to love him is beyond me - read it for the prose.",2000-08-20
US,50193122,R392JNVR44FMAS,0140088911,394767391,Money,Books,5,1,1,N,N,"VERY funny - well written","This book is awesome, highly readable and very funny. Some of the lines had me laughing out loud and the rest had me sniggering. ENJOY! I am going to search out the rest of this guys work - what have i been missing?",2000-04-05
US,50042556,R1ILLX7P7Z0TQN,0140088911,394767391,Money,Books,4,1,2,N,N,"Money: A suicide note","I am not a bookworm and do not read as half as many books as I should, but what i would like to say is typed below. When one is reading any book from any one of the BILLIONS of titles available worldwide, you have have to  consider the images protrayed in ones imagination. Every individuals is  different, but if a author such as M Amis can move me as much as he did by  &quot;money&quot; im sure he can do the same for you. Just read it.",2000-02-16
US,51385352,R1JJNIT0ZAO3LJ,0140088911,394767391,Money,Books,5,14,16,N,N,"He's Amis...","Once an Amis fan, always an Amis fan. Money is quite possibly one of the best novels I've ever read, nevermind that it's an Amis novel. He opens up existential angst in the broadest, most heartbreaking and accessible way,  that it makes movies seem just plain irrelevant.",1999-12-17
US,50743846,R3NPZV5MSD6T0F,0140088911,394767391,Money,Books,5,3,3,N,N,"Man hasn't evolved in recent times - quite the opposite...","In this novel I believe Martin Amis truely achieves the classic he says he has always strived towards. The raw ironic humour of his writing and the depiction of the main character John Self is an apt snapshot of part of  modern urban life. Self is a self obsessed, sex-addict alchoholic not  having the ability to truley care for someone (including himself)in any  wholesome way due to obsession with success in the form of 'Money'. Even  though he is in the movie buisness he doesn't really care for it as long as  he gets the big contract. For me this tends to reflect Self as being  analogous to our urban working society as it becomes more important to  people to have objects of desire rather than the human basics of affection,  comfort and wellbeing. He seems to suggest a belief that man has not  evolved but in recent times has begun to devolve in character and  spirit.<br />In general it is gripping, shockingly hilarious at times and a  story which should make those who encounter it reflect on their lives and  ask the question 'Do I need this pair of Armani underpants or should i have  a quiet night in with my shhweetheart instead'..........I go for the night  in every time.<br />Also, who ever said you need to watch stand-up comedy to  hear great one-liners. Just read this instead. (One worrying point about it  though is that I have never met a female who liked this book ?).",1999-11-25
US,52271716,R1H2A1R9A5ORTX,0140088911,394767391,Money,Books,1,8,30,N,N,"I decided to quit at p. 78.","I wouldn't even give it one star. The best word I can find to describe this book is cheesey. It's about as compelling as a car wreck.  I'm wondering how to get rid of it. I can't recommend it to a friend.  It's not  even amusing, just dumb and kind of annoying, especially a few pages before  78, when the narrator mentions the author, Martin Amis, by name, as someone  whose stalking him.  Just dumb.",1999-09-23
US,52551637,R3ECSO2ZVVK3G7,0140088911,394767391,Money,Books,5,26,29,N,N,"absolutely the best","This is one of the most well-written and funny books you'll ever read.  My copy has multiple dog ears because I keep going back to look up this or that hilarious passage: Lorne Guyland's rambling dissertations, John Self's  drunken careen through a NY restaurant, the chess game near the end (an  amazing metaphor-packed *action* scene that you'll read wide-eyed at the  fact that anyone could write with such style).  Some readers don't seem to  understand that you're supposed to despise John Self while still marveling  at his antics.  I feel bad for those people; I feel pity for those  people--oh yes.  But for those who like densely written, wildly stylish  fiction that also has a point, from a writer at the top of his game, you  *must* read this book!",1999-09-12
US,52549015,R31RPWQQAOLATO,0140088911,394767391,Money,Books,5,0,0,N,N,"Wild Romp in Decadent 80s NYC","Absolutely, one of the best books I've read. Amis's The Information is a close second.  Literate, street smart and oddly sexy -- its a virtual encyclopedia of excess and verbal virtuosity.",1999-05-26
US,53061560,R2ZOXVKN1RJC7I,0140088911,394767391,Money,Books,5,1,1,N,N,"a great book","I'd read several Amis novels then I asked an Amis fanatic which was his favorite. He responed &quot;Money - Absolutey, no question about it&quot;. So I checked it out. After reading it, I couldn't agree more. <br /> It always  bothers me trying to say a book reflects a certain time period -i.e.,  everyone on this page says this is some sort of 80s timepiece. Do you have  to be a 20s flapper to appreciate 'The Great Gatsby'? Do you have to be a  50s beat to like 'On the Road'?  My point : If its good - its good  regardless of setting and &quot;Money' is great book for any era.",1999-04-16
US,52527103,R2MRWCESVTAAZX,0140088911,394767391,Money,Books,5,0,0,N,N,"A high water mark for Britain's literary bad boy","John Self's life is out of control. His  Fiasco is on the blink, his movie plans sabotaged by a zoological conspiracy, his sock has rent due. It's money that's the root of the problem, at least after you over look constant  inebriation and an obsession with pornography. Amis's punk poetry/novel is  a must read of the dissolute, self involved, chaotic world of the 80's  yuppies.",1999-04-15
US,52584956,R1D2WWUJ2WALWG,0140088911,394767391,Money,Books,5,0,0,N,N,"&quot;Bright Lights,  Big City with a &quot;Monty Python&quot; twist!!","This book has got to be one of the funniest books I have ever read!!  Mr. Amis creates in &quot;John Self&quot; a character with narry a redeeming quality! This character is strictly &quot;id&quot; oriented;  which results  in his eventual fall from 80's over-indulgence!!  There is no time to pity  this guy,  as his world crumbles around him,  because you're laughing too  hard!!",1998-12-11
US,52670343,RWEIES47HP6I7,0140088911,394767391,Money,Books,5,0,1,N,N,"Funnier than Lucky Jim by a factor of three.","Amis has succeeded in making a hard-drinking, hard-drugging, and occasional date-rapist a profoundly sympathetic character.  The more frequently the protagonist--if he can be called that--overdoses on pornography the more you ask your girlfriend to get up and get you a beer.  Such is the state of the tail end of the 20th century, as Amis brilliantly conveys.",1998-07-03
US,52955443,RTC0VVV7QP935,0140088911,394767391,Money,Books,5,0,0,N,N,"Absolutely Brilliant","Reading the superlatives expressed in the reviews of this book ought to make you read it.  It is an _important_ book, and an enjoyable piece of literature at that.  What a magnificent writer is Amis.",1998-06-22
US,52589331,R1LKS8UJPY9NU6,0140088911,394767391,Money,Books,4,0,0,N,N,"A book that reflects your lowest experiences.","&quot;Money&quot; is a book that reflects your lowest experiences, but it does with the hard to come by knowledge that life is not a simple, by-the-numbers exercise.  Amis reconizes that everything -- experience, fun, sex, drugs -- is overrated; what really counts is honest human contact.  And that is something that has escaped our present age.  A wonderful, life-changing novel.  Please read it, now!!!  Besides all this, it is howlingly funny, and it skewers the superficial stylishness of our time like nothing yet.",1998-04-29
US,53053685,R1SWU7M6PT1IZW,0140088911,394767391,Money,Books,5,2,3,N,N,"READ IT!!!!!!!!!!!!!!!!!!!!","I can't think of a better or funnier book I've read on life in the 20th century.  If you've never read Martin Amis you are really missing something.  Mr. Self is one of the most memorable characters I've ever encountered in literature.  Sort of a George Costanza in print - with quite a bit more wit.  A totally debased, buffoon that you couldn't help but like.  Amis' take on American life was spot on too.  One of those rare books that you don't want to end.",1997-11-07
US,53005406,RI04LZ7362J25,0140088911,394767391,Money,Books,5,4,5,N,N,"If they don't get it, forget it","Terrifying genius.   Possibly the funniest book I've ever read.     I use it as a sort of criteria for evaluating people (potential friends/lovers, etc). If they don't get/like it, what do they think is the point of them?",1997-07-26
US,53086357,R3MA4XHLXKN35C,0140088911,394767391,Money,Books,5,0,0,N,N,"Amis at his dry best","His best work to date, dry as a bone, pedantically loquatious and yet totally down to earth.  Martin Amis has a rare gift and shares it with us here in all it's disgusting beauty.  He examines life as proctologist might examine a soiled daiper and reports on it's contents in unashamedly graphic prose",1996-08-15
US,53090156,R2MPCGOPHARAC0,0140088911,394767391,Money,Books,5,0,0,N,N,"Hilarious","Amis at his best, IMO.  Ignore the iffy political implications &amp; settle in for a wild ride w/ a protag. that can't pass up drink, drugs, or women.",1996-05-30
US,39087432,R8713SPE34412,B004GKMV3O,394767391,Money,Digital_Ebook_Purchase,4,0,2,N,Y,"Four Stars","Amis at his best. Still relevant 25 years down the track.",2015-02-25
US,12981716,R2LIX5CSLB7TKR,B004GKMV3O,394767391,Money,Digital_Ebook_Purchase,4,1,2,N,Y,"If you ever wanted to read Amis, start with this.","Not really a fan of the Irascible One but this book goes off like a box of fireworks and its reputation is deserved.",2015-02-24
US,48154388,R2HPUSE2N5DBZU,B004GKMV3O,394767391,Money,Digital_Ebook_Purchase,1,1,5,N,Y,"Too convoluted","The story line is too convoluted. The characters don't interest me. The theme is rather pass. A failed Tom Wolfe.",2014-03-16
US,30442889,R2BQ4SOLEZKJKE,B008GWEMM6,241816538,Money,Digital_Ebook_Purchase,4,0,0,N,N,"Great book","Wow this book was soo good. We meet Money, Gus Shayna &,Alicia. Alicia was suppose to be Shayna friend but was jealous of her cause of her and Money's relationship. Gus is Money's  right hand man but one traffic stop tested his loyalty.Shayna was too naive to me and in the end she got caught up. I'm so ready for part 2 can't wait to see what happens next.",2013-10-13
US,40945453,RNQGCHKA3DZFN,B003OYIE0W,592113574,Money,Digital_Ebook_Purchase,5,0,0,N,Y,"life changing","This book opened my spiritual eyes to see how attached I am to the world with its earthy riches. However, my soul & spirit long for the riches of intimacy with Christ. I was made fully aware that my longing is a gift of Grace..",2013-10-11
US,6805854,R3KD1PEW2SCB2J,B008GWEMM6,241816538,Money,Digital_Ebook_Purchase,5,0,0,N,Y,"wondering","I would like to see what happens next, it leaves me wondering.<br />i need a part 2. Then maybe i can give 5 stars.",2013-10-04
US,44917211,R3OOCJQYU5MKDN,B008GWEMM6,241816538,Money,Digital_Ebook_Purchase,5,0,0,N,Y,"Brilliant!!!","The plot was so intricate and had a twisting but sad ending for Shayna and her kids. She fell right into Money's trap.",2013-09-02
US,26121611,RLLGYQPX2OJO2,B004GKMV3O,394767391,Money,Digital_Ebook_Purchase,5,2,2,N,Y,"The Depths of Shallowness","The narrator, John Self, is addicted to excess - whether it's money, food, drink or porn - he's also pugnacious, not as smart as he thinks he is, intentionally & unintentionally funny, overbearing & overweight.  Martin Amis plumbs the depths of a society that elevates shallowness to an art form, with equal measures of ferocity & wit, whilst always keeping true to the voice of the thoroughly unlikeable narrator, who nevertheless seduces the reader with autobiographical honesty & human weakness that the braggadocio never quite hides.  A extraordinary piece of writing that tells a sad tale of our capitalist uncaring excess & where that has led us.  By the way, Amis inserts himself into the plot as a writer Self convinces to rewrite a movie script - it is another layer in this book of many manipulations, threaded with dark, deep humour.",2013-05-10
US,26239694,RTYC4FXXDBWU9,B004GKMV3O,394767391,Money,Digital_Ebook_Purchase,2,0,1,N,Y,"fiction","I really got into the first part of this book but then my interest quickly waned. Seemed to be just another tome about the drug-fuelled 1980's. Did portray an accurate picture though of alcoholism and how it affects not only the addict but all those around. Nice little trick making one of the characters Martin Amis....sort of gave an impression of how author sees himself. In the end that is what put me off the book....the gross ego centricity but then how does one live up to a father who wrote 'Lucky Jim'...a classic if I ever read one.",2013-04-13
US,41531316,R3JFZSW14TBGB7,B001PBEPV8,457525296,Money,Digital_Ebook_Purchase,3,0,0,N,Y,"Thinly Veiled Propoganda","This book starts out reviewing the nature of money in a logical way but jumps straight to an apologist piece of propaganda for Central Banking. Avoid it and save your money. Try mises.org.",2013-03-17
US,22289698,R233LFMNE3THV0,B004GKMV3O,394767391,Money,Digital_Ebook_Purchase,3,1,1,N,N,"moments of brilliance but does go on, particularly toward the end.","I liked this book in the beginning, its link with an earlier space and time was well done and having the author appear as one of the characters in the book was brilliant. Allowed the reader to experience the author's view of himself. The depiction of an alcoholic was right on including the lack of responsibility brought on by the addiction to alcohol and subsequent sabatoging of potentially advantageous relationships.<br />However, half way through I became bored with the ongoing attempts to philosophise and the egocentricity and found myself skipping pages, not through lack of understanding but lack of interest. There were moments of tongue-in-cheek humour but overall nothing like Pappa's writing but then I suppose it is inevitable that this author would be compared to his father and the brilliant 'Lucky Jim'.",2013-03-03
US,52215230,R2QO6L5YL02OK9,B001PBEPV8,457525296,Money,Digital_Ebook_Purchase,4,0,0,N,Y,"A good recount of the history of US money","The author has done good research on the subject and outlined the history of currency in the United States. Would be of interest to people who like history and trivia.",2013-02-08
US,47517562,R1JHK7UJGU1BGK,B004GKMV3O,394767391,Money,Digital_Ebook_Purchase,2,0,3,N,Y,"Vanishing","Martin Amis has a exquist and unique writing stlye. In &#34; Money&#34; however, the threading gets lost along the way. It becomes difficult to follow the storyline: storyline which eventually vanishes midway through the book.",2012-11-30
US,10398970,RLBMXH56VAYVZ,B008GWEMM6,241816538,Money,Digital_Ebook_Purchase,5,0,0,N,Y,"great short story","Ok this story went fast but it has a beginning middle and a end. Its fast paste and straight to the point. So if your looking for a quick read this is it. It did grab my attention till the end.",2012-11-18
US,44178411,R12XQ3CSXICM8V,B008GWEMM6,241816538,Money,Digital_Ebook_Purchase,4,0,0,N,Y,"Chalmette Marie Brown","well this was a pretty good page turner and i enjoyed it. My thoughts on this book Is it was really good kept me wanting to read more hope part 2 is a little bit better.",2012-10-22
US,44920671,R2B1740EDL5W4M,B008GWEMM6,241816538,Money,Digital_Ebook_Purchase,5,0,0,N,N,"Money 2","Great read couldn't put it down but, was mad at myself for reading it in one sitting! Can't wait for Money 2. Will keep you interested so make sure you have the time to read once you start!",2012-10-16
US,38442780,R3L6ED18M74BS1,B008GWEMM6,241816538,Money,Digital_Ebook_Purchase,5,1,1,N,N,"MONEY","MONEY got my attention from the first few pages.  Couldn't put the book down.  Can't wait to find out what happens in the next book.  Highly recommend this book.  Easy read",2012-07-10
US,30547756,R3KE7EDMURCFWH,B008GWEMM6,241816538,Money,Digital_Ebook_Purchase,4,0,0,N,Y,"Good read","This was a good read. If you're looking for a quick read that will hold your attention then this book is a good option. Can't wait for part 2.",2012-07-09
US,12752940,R1RGWIS8MLOXNQ,B008GWEMM6,241816538,Money,Digital_Ebook_Purchase,5,0,0,N,Y,"ABSOLUTELY FANTASTIC....","MONEY was an ABSOLUTELY FANTASTIC QUICK READ. I ENJOYED this ATTENTION GRABBER FROM START to FINISH. MONEY was THAT MAN. I'm ROOTING for MONEY and SHAYNA. FRIENDS TURNED FOES DUE to GREED, JEALOUSY, and DISLOYALTY that led to BETRAYAL and HURT. Which ENTAIL will ULTIMATELY LEAD to REVENGE in the END, when it's ALL SAID and DONE. SURPRISES I NEVER SAW COMING. I KNOW pt.2 is going to be PURE MAYHEM, and I CAN'T WAIT. I DEFINITELY RECOMMEND THIS MUST READ...................",2012-07-07
US,11146546,R37SC0HC45PRPV,B008GWEMM6,241816538,Money,Digital_Ebook_Purchase,5,0,0,N,Y,"Awesome","I can't wait for the second book!!! I want too know Money will get out of this sticky situation & handle Gus.",2012-07-06
